identifier,description,rdf,triples
Jaguar,"Jaguar is a British sports car and luxury vehicle brand of Jaguar Land Rover. Until 1 January 2013, the brand was produced by the British company Jaguar Cars Limited, whose operations were merged with those of Land Rover to form Jaguar Land Rover. Jaguar was the sixth and last Type 24 torpedo boat built for the German Navy during the 1920s. The boat made multiple non-intervention patrols during the Spanish Civil War in the late 1930s.","@prefix rdfs: <http://www.w3.org/2000/01/rdf-schema#> .
@prefix wd: <http://www.wikidata.org/entity/> .
@prefix kg: <https://example.org/wikidata-description/> .

wd:Q30055 a wd:Q786820 ;
    rdfs:label ""Jaguar Cars""@en ;
    kg:be wd:Q10470 ;
    kg:be wd:Q10953913 ;
    kg:be wd:Q15975618 ;
    kg:be wd:Q274586 ;
    kg:be wd:Q349 ;
    kg:be wd:Q42889 ;
    kg:be wd:Q9309 ;
    kg:beOf wd:Q11081619 ;
    kg:beOf wd:Q116980516 ;
    kg:limit wd:Q3884033 ;
    kg:produceBy wd:Q1420 ;
    kg:produceBy wd:Q6881511 ;
    kg:produceBy wd:Q7168181 .

wd:Q10470 a wd:Q8928 ;
    rdfs:label ""Carina""@en .
wd:Q10953913 rdfs:label ""luxury""@en .
wd:Q11081619 rdfs:label ""land""@en .
wd:Q116980516 a wd:Q169930 ;
    rdfs:label ""Rover""@en .
wd:Q1420 a wd:Q140172580 ;
    a wd:Q140424465 ;
    rdfs:label ""car""@en .
wd:Q15975618 a wd:Q5 ;
    rdfs:label ""August Brand""@en .
wd:Q274586 a wd:Q836985 ;
    rdfs:label ""sports car""@en .
wd:Q349 a wd:Q11862829 ;
    a wd:Q125542526 ;
    rdfs:label ""sport""@en .
wd:Q3884033 rdfs:label ""mathematical operation""@en .
wd:Q42889 a wd:Q63981612 ;
    a wd:Q96251598 ;
    rdfs:label ""vehicle""@en .
wd:Q6881511 a wd:Q17197366 ;
    a wd:Q3409269 ;
    rdfs:label ""enterprise""@en .
wd:Q7168181 a wd:Q4830453 ;
    a wd:Q6881511 ;
    a wd:Q778575 ;
    rdfs:label ""DAZN Group""@en .
wd:Q9309 a wd:Q1288568 ;
    a wd:Q33742 ;
    rdfs:label ""Welsh""@en .
wd:Q11862829 rdfs:label ""academic discipline""@en .
wd:Q125542526 rdfs:label ""type of activity""@en .
wd:Q1288568 rdfs:label ""modern language""@en .
wd:Q140172580 rdfs:label ""type of machine""@en .
wd:Q140424465 rdfs:label ""type of vehicle""@en .
wd:Q169930 rdfs:label ""extended play""@en .
wd:Q17197366 rdfs:label ""type of organization""@en .
wd:Q33742 rdfs:label ""natural language""@en .
wd:Q3409269 rdfs:label ""statistical unit""@en .
wd:Q4830453 rdfs:label ""business""@en .
wd:Q5 rdfs:label ""human""@en .
wd:Q63981612 rdfs:label ""product category""@en .
wd:Q6881511 rdfs:label ""enterprise""@en .
wd:Q778575 rdfs:label ""conglomerate""@en .
wd:Q786820 rdfs:label ""automobile manufacturer""@en .
wd:Q836985 rdfs:label ""car classification""@en .
wd:Q8928 rdfs:label ""constellation""@en .
wd:Q96251598 rdfs:label ""type of object""@en .
wd:Q2732887 a wd:Q324233 ;
    rdfs:label ""Jaguar""@en ;
    kg:be wd:Q206675 ;
    kg:be wd:Q21503252 ;
    kg:be wd:Q35872 ;
    kg:be wd:Q715310 ;
    kg:be wd:Q7533119 ;
    kg:be wd:Q79988 ;
    kg:buildDuring wd:Q35736 ;
    kg:buildFor wd:Q188 ;
    kg:buildFor wd:Q559549 ;
    kg:make wd:Q1203128 ;
    kg:make wd:Q12503777 ;
    kg:make wd:Q8277 ;
    kg:makeDuring wd:Q1321 ;
    kg:makeDuring wd:Q270 ;
    kg:makeDuring wd:Q37552616 ;
    kg:makeIn wd:Q35702 ;
    kg:makeIn wd:Q40719766 .

wd:Q1203128 a wd:Q12909644 ;
    a wd:Q211364 ;
    rdfs:label ""non-interventionism""@en .
wd:Q12503777 a wd:Q26211545 ;
    rdfs:label ""Patrolsari""@en .
wd:Q1321 a wd:Q1288568 ;
    a wd:Q20162172 ;
    a wd:Q33742 ;
    a wd:Q34770 ;
    rdfs:label ""Spanish""@en .
wd:Q188 a wd:Q1288568 ;
    rdfs:label ""German""@en .
wd:Q206675 a wd:Q16521 ;
    rdfs:label ""Torpedo""@en .
wd:Q21503252 a wd:Q21510495 ;
    a wd:Q31208391 ;
    rdfs:label ""instance of""@en .
wd:Q270 a wd:Q108178728 ;
    a wd:Q1200957 ;
    a wd:Q1549591 ;
    a wd:Q1901835 ;
    a wd:Q200250 ;
    a wd:Q515 ;
    a wd:Q51929311 ;
    a wd:Q56061 ;
    a wd:Q925381 ;
    rdfs:label ""Warsaw""@en .
wd:Q35702 a wd:Q39911 ;
    rdfs:label ""1930s""@en .
wd:Q35736 a wd:Q39911 ;
    rdfs:label ""1920s""@en .
wd:Q35872 a wd:Q16103215 ;
    a wd:Q16335899 ;
    rdfs:label ""boat""@en .
wd:Q37552616 a wd:Q101352 ;
    rdfs:label ""Civil""@en .
wd:Q40719766 a wd:Q26907166 ;
    rdfs:label ""end of""@en .
wd:Q559549 a wd:Q1898357 ;
    a wd:Q23002039 ;
    a wd:Q498162 ;
    a wd:Q62832 ;
    rdfs:label ""United States Naval Academy""@en .
wd:Q715310 a wd:Q22704163 ;
    rdfs:label ""Chiang Kai-shek rifle""@en .
wd:Q7533119 a wd:Q550089 ;
    rdfs:label ""Sixth Cambridge Survey of radio sources""@en .
wd:Q79988 a wd:Q13366104 ;
    a wd:Q16317911 ;
    a wd:Q223722 ;
    a wd:Q2702442 ;
    a wd:Q375355 ;
    a wd:Q50707 ;
    rdfs:label ""24""@en .
wd:Q8277 a wd:Q112193867 ;
    a wd:Q112965645 ;
    a wd:Q42303753 ;
    rdfs:label ""multiple sclerosis""@en .
wd:Q101352 rdfs:label ""family name""@en .
wd:Q108178728 rdfs:label ""national capital""@en .
wd:Q112193867 rdfs:label ""type of disease""@en .
wd:Q112965645 rdfs:label ""symptom or sign""@en .
wd:Q1200957 rdfs:label ""tourist destination""@en .
wd:Q1288568 rdfs:label ""modern language""@en .
wd:Q12909644 rdfs:label ""political ideology""@en .
wd:Q13366104 rdfs:label ""even number""@en .
wd:Q1549591 rdfs:label ""big city""@en .
wd:Q16103215 rdfs:label ""boat type""@en .
wd:Q16317911 rdfs:label ""positive integer""@en .
wd:Q16335899 rdfs:label ""watercraft type""@en .
wd:Q16521 rdfs:label ""taxon""@en .
wd:Q1898357 rdfs:label ""naval academy""@en .
wd:Q1901835 rdfs:label ""seat of government""@en .
wd:Q200250 rdfs:label ""metropolis""@en .
wd:Q20162172 rdfs:label ""human language""@en .
wd:Q211364 rdfs:label ""principle""@en .
wd:Q21510495 rdfs:label ""relation of type constraint""@en .
wd:Q223722 rdfs:label ""abundant number""@en .
wd:Q22704163 rdfs:label ""firearm model""@en .
wd:Q23002039 rdfs:label ""public educational institution of the United States""@en .
wd:Q26211545 rdfs:label ""desa""@en .
wd:Q26907166 rdfs:label ""temporal entity""@en .
wd:Q2702442 rdfs:label ""nonagonal number""@en .
wd:Q31208391 rdfs:label ""RDF property""@en .
wd:Q324233 rdfs:label ""torpedo boat""@en .
wd:Q33742 rdfs:label ""natural language""@en .
wd:Q34770 rdfs:label ""language""@en .
wd:Q375355 rdfs:label ""harshad number""@en .
wd:Q39911 rdfs:label ""decade""@en .
wd:Q42303753 rdfs:label ""designated intractable/rare disease""@en .
wd:Q498162 rdfs:label ""census-designated place in the United States""@en .
wd:Q50707 rdfs:label ""composite number""@en .
wd:Q515 rdfs:label ""city""@en .
wd:Q51929311 rdfs:label ""largest city""@en .
wd:Q550089 rdfs:label ""astronomical survey""@en .
wd:Q56061 rdfs:label ""administrative territorial entity""@en .
wd:Q62832 rdfs:label ""observatory""@en .
wd:Q925381 rdfs:label ""city with powiat rights in Poland""@en .
","[[""Jaguar"", ""be"", ""24""], [""Jaguar"", ""be"", ""boat""], [""Jaguar"", ""be"", ""Chiang Kai-shek rifle""], [""Jaguar"", ""be"", ""instance of""], [""Jaguar"", ""be"", ""Sixth Cambridge Survey of radio sources""], [""Jaguar"", ""be"", ""Torpedo""], [""Jaguar"", ""buildDuring"", ""1920s""], [""Jaguar"", ""buildFor"", ""German""], [""Jaguar"", ""buildFor"", ""United States Naval Academy""], [""Jaguar"", ""make"", ""multiple sclerosis""], [""Jaguar"", ""make"", ""non-interventionism""], [""Jaguar"", ""make"", ""Patrolsari""], [""Jaguar"", ""makeDuring"", ""Civil""], [""Jaguar"", ""makeDuring"", ""Spanish""], [""Jaguar"", ""makeDuring"", ""Warsaw""], [""Jaguar"", ""makeIn"", ""1930s""], [""Jaguar"", ""makeIn"", ""end of""], [""Jaguar Cars"", ""be"", ""August Brand""], [""Jaguar Cars"", ""be"", ""Carina""], [""Jaguar Cars"", ""be"", ""luxury""], [""Jaguar Cars"", ""be"", ""sport""], [""Jaguar Cars"", ""be"", ""sports car""], [""Jaguar Cars"", ""be"", ""vehicle""], [""Jaguar Cars"", ""be"", ""Welsh""], [""Jaguar Cars"", ""beOf"", ""land""], [""Jaguar Cars"", ""beOf"", ""Rover""], [""Jaguar Cars"", ""limit"", ""mathematical operation""], [""Jaguar Cars"", ""produceBy"", ""car""], [""Jaguar Cars"", ""produceBy"", ""DAZN Group""], [""Jaguar Cars"", ""produceBy"", ""enterprise""]]"
Mango,"Giuseppe Mango, better known mononymously as Mango, was an Italian singer-songwriter and musician. He was known for his style, which fuses pop, rock, folk, world music and for his extensive vocal range. Punto Fa, S.L., trading as Mango, is a Spanish fast-fashion retailer founded in Barcelona by brothers Isak Andic and Nahman Andic. It designs, manufactures, and markets women, men, and children's clothing and accessories.","@prefix rdfs: <http://www.w3.org/2000/01/rdf-schema#> .
@prefix wd: <http://www.wikidata.org/entity/> .
@prefix kg: <https://example.org/wikidata-description/> .

wd:Q1054564 a wd:Q5 ;
    rdfs:label ""Mango""@en ;
    kg:be wd:Q488205 ;
    kg:be wd:Q639669 ;
    kg:be wd:Q652 ;
    kg:fuse wd:Q1478321 ;
    kg:fuse wd:Q2472587 ;
    kg:fuse wd:Q46831 ;
    kg:fuse wd:Q5395595 ;
    kg:fuse wd:Q638 ;
    kg:fuse wd:Q7366 ;
    kg:knowFor wd:Q37552559 .

wd:Q1478321 a wd:Q112193867 ;
    a wd:Q42303753 ;
    rdfs:label ""spinal stenosis""@en .
wd:Q2472587 rdfs:label ""people""@en .
wd:Q37552559 a wd:Q101352 ;
    rdfs:label ""Style""@en .
wd:Q46831 rdfs:label ""mountain range""@en .
wd:Q488205 a wd:Q12737077 ;
    a wd:Q66715801 ;
    rdfs:label ""singer-songwriter""@en .
wd:Q5395595 rdfs:label ""vocal range""@en .
wd:Q638 a wd:Q1047113 ;
    a wd:Q11862829 ;
    a wd:Q2267705 ;
    a wd:Q56055944 ;
    rdfs:label ""music""@en .
wd:Q639669 a wd:Q103810966 ;
    a wd:Q12737077 ;
    a wd:Q66715801 ;
    rdfs:label ""musician""@en .
wd:Q652 a wd:Q1288568 ;
    a wd:Q33742 ;
    rdfs:label ""Italian""@en .
wd:Q7366 a wd:Q107487333 ;
    a wd:Q223393 ;
    a wd:Q4263830 ;
    a wd:Q483394 ;
    rdfs:label ""song""@en .
wd:Q101352 rdfs:label ""family name""@en .
wd:Q103810966 rdfs:label ""circus profession""@en .
wd:Q1047113 rdfs:label ""field of study""@en .
wd:Q107487333 rdfs:label ""type of musical work/composition""@en .
wd:Q112193867 rdfs:label ""type of disease""@en .
wd:Q11862829 rdfs:label ""academic discipline""@en .
wd:Q12737077 rdfs:label ""occupation""@en .
wd:Q1288568 rdfs:label ""modern language""@en .
wd:Q223393 rdfs:label ""literary genre""@en .
wd:Q2267705 rdfs:label ""field of study""@en .
wd:Q33742 rdfs:label ""natural language""@en .
wd:Q42303753 rdfs:label ""designated intractable/rare disease""@en .
wd:Q4263830 rdfs:label ""literary form""@en .
wd:Q483394 rdfs:label ""genre""@en .
wd:Q5 rdfs:label ""human""@en .
wd:Q56055944 rdfs:label ""type of arts""@en .
wd:Q66715801 rdfs:label ""musical profession""@en .
wd:Q136503 a wd:Q4830453 ;
    a wd:Q726870 ;
    a wd:Q76213285 ;
    rdfs:label ""Mango""@en ;
    kg:be wd:Q1321 ;
    kg:be wd:Q213441 ;
    kg:be wd:Q3231404 ;
    kg:design wd:Q1836700 ;
    kg:design wd:Q43388878 ;
    kg:design wd:Q6581072 ;
    kg:design wd:Q7569 ;
    kg:foundBy wd:Q136527355 ;
    kg:foundBy wd:Q136527359 ;
    kg:foundBy wd:Q16860557 ;
    kg:foundBy wd:Q18198729 ;
    kg:foundBy wd:Q30669152 ;
    kg:foundIn wd:Q1492 ;
    kg:s wd:Q1065579 ;
    kg:s wd:Q11460 .

wd:Q1065579 rdfs:label ""fashion accessory""@en .
wd:Q11460 rdfs:label ""clothing""@en .
wd:Q1321 a wd:Q1288568 ;
    a wd:Q20162172 ;
    a wd:Q33742 ;
    a wd:Q34770 ;
    rdfs:label ""Spanish""@en .
wd:Q136527359 a wd:Q12308941 ;
    rdfs:label ""Nahman""@en .
wd:Q1492 a wd:Q33146843 ;
    a wd:Q515 ;
    rdfs:label ""Barcelona""@en .
wd:Q16860557 a wd:Q101352 ;
    rdfs:label ""Brothers""@en .
wd:Q18198729 a wd:Q12308941 ;
    rdfs:label ""Isak""@en .
wd:Q1836700 rdfs:label ""manufactured good""@en .
wd:Q213441 rdfs:label ""shop""@en .
wd:Q30669152 a wd:Q101352 ;
    rdfs:label ""Andıç""@en .
wd:Q3231404 rdfs:label ""fast fashion""@en .
wd:Q43388878 a wd:Q79007 ;
    rdfs:label ""Markétská""@en .
wd:Q6581072 a wd:Q4369513 ;
    a wd:Q48264 ;
    rdfs:label ""female""@en .
wd:Q7569 a wd:Q134264207 ;
    a wd:Q851990 ;
    rdfs:label ""child""@en .
wd:Q101352 rdfs:label ""family name""@en .
wd:Q12308941 rdfs:label ""male given name""@en .
wd:Q1288568 rdfs:label ""modern language""@en .
wd:Q134264207 rdfs:label ""class of human""@en .
wd:Q20162172 rdfs:label ""human language""@en .
wd:Q33146843 rdfs:label ""municipality of Catalonia""@en .
wd:Q33742 rdfs:label ""natural language""@en .
wd:Q34770 rdfs:label ""language""@en .
wd:Q4369513 rdfs:label ""sex of humans""@en .
wd:Q48264 rdfs:label ""gender identity""@en .
wd:Q4830453 rdfs:label ""business""@en .
wd:Q5 rdfs:label ""human""@en .
wd:Q515 rdfs:label ""city""@en .
wd:Q726870 rdfs:label ""brick and mortar""@en .
wd:Q76213285 rdfs:label ""clothing store chain""@en .
wd:Q79007 rdfs:label ""street""@en .
wd:Q851990 rdfs:label ""population group""@en .
","[[""Mango"", ""be"", ""fast fashion""], [""Mango"", ""be"", ""Italian""], [""Mango"", ""be"", ""musician""], [""Mango"", ""be"", ""shop""], [""Mango"", ""be"", ""singer-songwriter""], [""Mango"", ""be"", ""Spanish""], [""Mango"", ""design"", ""child""], [""Mango"", ""design"", ""female""], [""Mango"", ""design"", ""manufactured good""], [""Mango"", ""design"", ""Markétská""], [""Mango"", ""foundBy"", ""Andıç""], [""Mango"", ""foundBy"", ""Brothers""], [""Mango"", ""foundBy"", ""Isak""], [""Mango"", ""foundBy"", ""Nahman""], [""Mango"", ""foundBy"", ""Q136527355""], [""Mango"", ""foundIn"", ""Barcelona""], [""Mango"", ""fuse"", ""mountain range""], [""Mango"", ""fuse"", ""music""], [""Mango"", ""fuse"", ""people""], [""Mango"", ""fuse"", ""song""], [""Mango"", ""fuse"", ""spinal stenosis""], [""Mango"", ""fuse"", ""vocal range""], [""Mango"", ""knowFor"", ""Style""], [""Mango"", ""s"", ""clothing""], [""Mango"", ""s"", ""fashion accessory""]]"
Apple,"Apple Inc. is an American multinational technology company headquartered in Cupertino, California, in Silicon Valley, and known for consumer electronics, software and online services. Apple Records is a British record label founded by the Beatles in 1968 as a division of Apple Corps Ltd. It was initially intended as a creative outlet for the Beatles, both as a group and individually, plus a selection of other artists including Mary Hopkin, James Taylor, Badfinger, and Billy Preston.","@prefix rdfs: <http://www.w3.org/2000/01/rdf-schema#> .
@prefix wd: <http://www.wikidata.org/entity/> .
@prefix kg: <https://example.org/wikidata-description/> .

wd:Q312 a wd:Q167037 ;
    a wd:Q18388277 ;
    a wd:Q4830453 ;
    a wd:Q6881511 ;
    a wd:Q891723 ;
    rdfs:label ""Apple Inc.""@en ;
    kg:be wd:Q11016 ;
    kg:be wd:Q161726 ;
    kg:be wd:Q54642234 ;
    kg:be wd:Q6881511 ;
    kg:be wd:Q7976 ;
    kg:headquarter wd:Q3483874 ;
    kg:headquarter wd:Q39816 ;
    kg:headquarter wd:Q99 ;
    kg:headquarterIn wd:Q189471 ;
    kg:know wd:Q172331 ;
    kg:know wd:Q60315954 ;
    kg:know wd:Q65131901 ;
    kg:know wd:Q7397 ;
    kg:knowFor wd:Q11650 ;
    kg:knowFor wd:Q22855 .

wd:Q11016 a wd:Q11862829 ;
    a wd:Q268592 ;
    rdfs:label ""technology""@en .
wd:Q11650 a wd:Q11862829 ;
    a wd:Q2465832 ;
    a wd:Q268592 ;
    rdfs:label ""electronics""@en .
wd:Q161726 rdfs:label ""multinational corporation""@en .
wd:Q172331 rdfs:label ""liturgy""@en .
wd:Q189471 a wd:Q13218357 ;
    rdfs:label ""Cupertino""@en .
wd:Q22855 a wd:Q12737077 ;
    rdfs:label ""consumer""@en .
wd:Q3483874 a wd:Q5633421 ;
    rdfs:label ""Silicon""@en .
wd:Q39816 a wd:Q12046615 ;
    rdfs:label ""valley""@en .
wd:Q54642234 a wd:Q7725634 ;
    rdfs:label ""American Multinationals and Japan: The Political Economy of Japanese Capital Controls, 1899-1980""@en .
wd:Q60315954 a wd:Q55341040 ;
    rdfs:label ""Online Games-Datenbank""@en .
wd:Q65131901 a wd:Q848436 ;
    rdfs:label ""Robojab Technologies LLC""@en .
wd:Q6881511 a wd:Q17197366 ;
    a wd:Q3409269 ;
    rdfs:label ""enterprise""@en .
wd:Q7397 a wd:Q123588392 ;
    a wd:Q63981612 ;
    rdfs:label ""software""@en .
wd:Q7976 a wd:Q33384 ;
    a wd:Q33742 ;
    a wd:Q951873 ;
    rdfs:label ""American English""@en .
wd:Q99 a wd:Q35657 ;
    rdfs:label ""California""@en .
wd:Q11862829 rdfs:label ""academic discipline""@en .
wd:Q12046615 rdfs:label ""feature type""@en .
wd:Q123588392 rdfs:label ""type of tool""@en .
wd:Q12737077 rdfs:label ""occupation""@en .
wd:Q13218357 rdfs:label ""city of California""@en .
wd:Q167037 rdfs:label ""corporation""@en .
wd:Q17197366 rdfs:label ""type of organization""@en .
wd:Q18388277 rdfs:label ""technology company""@en .
wd:Q2465832 rdfs:label ""branch of science""@en .
wd:Q268592 rdfs:label ""industry""@en .
wd:Q33384 rdfs:label ""dialect""@en .
wd:Q33742 rdfs:label ""natural language""@en .
wd:Q3409269 rdfs:label ""statistical unit""@en .
wd:Q35657 rdfs:label ""U.S. state""@en .
wd:Q4830453 rdfs:label ""business""@en .
wd:Q55341040 rdfs:label ""video game database""@en .
wd:Q5633421 rdfs:label ""scientific journal""@en .
wd:Q63981612 rdfs:label ""product category""@en .
wd:Q6881511 rdfs:label ""enterprise""@en .
wd:Q7725634 rdfs:label ""literary work""@en .
wd:Q848436 rdfs:label ""home automation""@en .
wd:Q891723 rdfs:label ""public company""@en .
wd:Q951873 rdfs:label ""ethnolect""@en .
wd:Q213710 a wd:Q167270 ;
    a wd:Q18127 ;
    a wd:Q6881511 ;
    rdfs:label ""Apple Records""@en ;
    kg:be wd:Q1458581 ;
    kg:be wd:Q53737447 ;
    kg:be wd:Q751895 ;
    kg:be wd:Q82799 ;
    kg:be wd:Q9309 ;
    kg:foundAs wd:Q169534 ;
    kg:foundBy wd:Q1299 ;
    kg:foundIn wd:Q2644 ;
    kg:foundOf wd:Q14515311 ;
    kg:foundOf wd:Q621231 ;
    kg:include wd:Q112490306 ;
    kg:include wd:Q15080511 ;
    kg:include wd:Q184090 ;
    kg:include wd:Q19816507 ;
    kg:include wd:Q677191 ;
    kg:include wd:Q734578 ;
    kg:include wd:Q798993 ;
    kg:intend wd:Q18088717 ;
    kg:intend wd:Q41640909 ;
    kg:intend wd:Q56290973 ;
    kg:intendAs wd:Q57334497 ;
    kg:intendAs wd:Q6905323 .

wd:Q112490306 a wd:Q5 ;
    rdfs:label ""Hopkin""@en .
wd:Q1299 a wd:Q215380 ;
    rdfs:label ""The Beatles""@en .
wd:Q14515311 rdfs:label ""German Student Corps""@en .
wd:Q1458581 a wd:Q1254874 ;
    rdfs:label ""Record""@en .
wd:Q15080511 a wd:Q101352 ;
    a wd:Q829026 ;
    rdfs:label ""Taylor""@en .
wd:Q169534 a wd:Q21506450 ;
    rdfs:label ""military division""@en .
wd:Q18088717 a wd:Q482994 ;
    rdfs:label ""Selection""@en .
wd:Q184090 a wd:Q1357964 ;
    a wd:Q1549591 ;
    a wd:Q515 ;
    a wd:Q7897276 ;
    rdfs:label ""Preston""@en .
wd:Q19816507 a wd:Q12308941 ;
    rdfs:label ""Billy""@en .
wd:Q2644 a wd:Q19828 ;
    a wd:Q217024 ;
    a wd:Q3186692 ;
    rdfs:label ""1968""@en .
wd:Q41640909 a wd:Q3331189 ;
    a wd:Q7094076 ;
    rdfs:label ""Artists of the World Online""@en .
wd:Q53737447 a wd:Q1969448 ;
    a wd:Q19798642 ;
    rdfs:label ""originally""@en .
wd:Q56290973 a wd:Q482994 ;
    rdfs:label ""Individually & Collectively""@en .
wd:Q57334497 a wd:Q268592 ;
    a wd:Q29028649 ;
    rdfs:label ""retail outlet""@en .
wd:Q621231 a wd:Q4830453 ;
    a wd:Q6881511 ;
    rdfs:label ""Apple Corps""@en .
wd:Q677191 a wd:Q12308941 ;
    rdfs:label ""James""@en .
wd:Q6905323 a wd:Q196294 ;
    a wd:Q284742 ;
    a wd:Q30939938 ;
    rdfs:label ""Creative Commons Attribution""@en .
wd:Q734578 a wd:Q11879590 ;
    rdfs:label ""Mary""@en .
wd:Q751895 a wd:Q163740 ;
    rdfs:label ""British Phonographic Industry""@en .
wd:Q798993 a wd:Q215380 ;
    rdfs:label ""Badfinger""@en .
wd:Q82799 rdfs:label ""name""@en .
wd:Q9309 a wd:Q1288568 ;
    a wd:Q33742 ;
    rdfs:label ""Welsh""@en .
wd:Q101352 rdfs:label ""family name""@en .
wd:Q11879590 rdfs:label ""female given name""@en .
wd:Q12308941 rdfs:label ""male given name""@en .
wd:Q1254874 rdfs:label ""television network""@en .
wd:Q1288568 rdfs:label ""modern language""@en .
wd:Q1357964 rdfs:label ""county town""@en .
wd:Q1549591 rdfs:label ""big city""@en .
wd:Q163740 rdfs:label ""nonprofit organization""@en .
wd:Q167270 rdfs:label ""trademark""@en .
wd:Q18127 rdfs:label ""record label""@en .
wd:Q196294 rdfs:label ""free license""@en .
wd:Q1969448 rdfs:label ""term""@en .
wd:Q19798642 rdfs:label ""Wikibase value""@en .
wd:Q19828 rdfs:label ""leap year""@en .
wd:Q21506450 rdfs:label ""military unit size class""@en .
wd:Q215380 rdfs:label ""musical group""@en .
wd:Q217024 rdfs:label ""leap year starting on Monday and ending on Tuesday""@en .
wd:Q268592 rdfs:label ""industry""@en .
wd:Q284742 rdfs:label ""Creative Commons license""@en .
wd:Q29028649 rdfs:label ""economic concept""@en .
wd:Q30939938 rdfs:label ""open license""@en .
wd:Q3186692 rdfs:label ""calendar year""@en .
wd:Q3331189 rdfs:label ""version, edition or translation""@en .
wd:Q33742 rdfs:label ""natural language""@en .
wd:Q482994 rdfs:label ""album""@en .
wd:Q4830453 rdfs:label ""business""@en .
wd:Q5 rdfs:label ""human""@en .
wd:Q515 rdfs:label ""city""@en .
wd:Q6881511 rdfs:label ""enterprise""@en .
wd:Q7094076 rdfs:label ""online database""@en .
wd:Q7897276 rdfs:label ""unparished area""@en .
wd:Q829026 rdfs:label ""occupational surname""@en .
","[[""Apple Inc."", ""be"", ""American English""], [""Apple Inc."", ""be"", ""American Multinationals and Japan: The Political Economy of Japanese Capital Controls, 1899-1980""], [""Apple Inc."", ""be"", ""enterprise""], [""Apple Inc."", ""be"", ""multinational corporation""], [""Apple Inc."", ""be"", ""technology""], [""Apple Inc."", ""headquarter"", ""California""], [""Apple Inc."", ""headquarter"", ""Silicon""], [""Apple Inc."", ""headquarter"", ""valley""], [""Apple Inc."", ""headquarterIn"", ""Cupertino""], [""Apple Inc."", ""know"", ""liturgy""], [""Apple Inc."", ""know"", ""Online Games-Datenbank""], [""Apple Inc."", ""know"", ""Robojab Technologies LLC""], [""Apple Inc."", ""know"", ""software""], [""Apple Inc."", ""knowFor"", ""consumer""], [""Apple Inc."", ""knowFor"", ""electronics""], [""Apple Records"", ""be"", ""British Phonographic Industry""], [""Apple Records"", ""be"", ""name""], [""Apple Records"", ""be"", ""originally""], [""Apple Records"", ""be"", ""Record""], [""Apple Records"", ""be"", ""Welsh""], [""Apple Records"", ""foundAs"", ""military division""], [""Apple Records"", ""foundBy"", ""The Beatles""], [""Apple Records"", ""foundIn"", ""1968""], [""Apple Records"", ""foundOf"", ""Apple Corps""], [""Apple Records"", ""foundOf"", ""German Student Corps""], [""Apple Records"", ""include"", ""Badfinger""], [""Apple Records"", ""include"", ""Billy""], [""Apple Records"", ""include"", ""Hopkin""], [""Apple Records"", ""include"", ""James""], [""Apple Records"", ""include"", ""Mary""], [""Apple Records"", ""include"", ""Preston""], [""Apple Records"", ""include"", ""Taylor""], [""Apple Records"", ""intend"", ""Artists of the World Online""], [""Apple Records"", ""intend"", ""Individually & Collectively""], [""Apple Records"", ""intend"", ""Selection""], [""Apple Records"", ""intendAs"", ""Creative Commons Attribution""], [""Apple Records"", ""intendAs"", ""retail outlet""]]"
Orange,"Orange is a commune in the Vaucluse department in the Provence-Alpes-Côte d'Azur region in Southeastern France. It is about 21 km north of Avignon, on the departmental border with Gard, which follows the Rhône and also constitutes the regional border with Occitania. Orange is a city in and the county seat of Orange County, Texas, United States. The population was 19,324 at the 2020 census.","@prefix rdfs: <http://www.w3.org/2000/01/rdf-schema#> .
@prefix wd: <http://www.wikidata.org/entity/> .
@prefix kg: <https://example.org/wikidata-description/> .

wd:Q187796 a wd:Q484170 ;
    rdfs:label ""Orange""@en ;
    kg:be wd:Q11605103 ;
    kg:be wd:Q12717105 ;
    kg:be wd:Q133346 ;
    kg:be wd:Q484170 ;
    kg:beAbout wd:Q11790733 ;
    kg:beAbout wd:Q712477 ;
    kg:beIn wd:Q12792 ;
    kg:beIn wd:Q142 ;
    kg:beIn wd:Q15104 ;
    kg:beIn wd:Q1785501 ;
    kg:beIn wd:Q615998 ;
    kg:beIn wd:Q82794 ;
    kg:beOf wd:Q6397 ;
    kg:constitute wd:Q1472 ;
    kg:constituteWith wd:Q18678265 ;
    kg:follow wd:Q46130 .

wd:Q11605103 rdfs:label ""kiyō""@en .
wd:Q11790733 a wd:Q101352 ;
    rdfs:label ""North""@en .
wd:Q12717105 a wd:Q12308941 ;
    rdfs:label ""Gard""@en .
wd:Q12792 a wd:Q6465 ;
    rdfs:label ""Vaucluse""@en .
wd:Q133346 rdfs:label ""border""@en .
wd:Q142 a wd:Q20181813 ;
    a wd:Q3624078 ;
    a wd:Q51576574 ;
    a wd:Q6256 ;
    a wd:Q7270 ;
    rdfs:label ""France""@en .
wd:Q1472 a wd:Q112193867 ;
    a wd:Q42303753 ;
    a wd:Q929833 ;
    rdfs:label ""Crohn's disease""@en .
wd:Q15104 a wd:Q36784 ;
    rdfs:label ""Provence-Alpes-Côte d'Azur""@en .
wd:Q1785501 a wd:Q3404720 ;
    rdfs:label ""azure""@en .
wd:Q18678265 a wd:Q36784 ;
    rdfs:label ""Occitania""@en .
wd:Q46130 a wd:Q6465 ;
    rdfs:label ""Rhône""@en .
wd:Q484170 a wd:Q20667921 ;
    rdfs:label ""commune of France""@en .
wd:Q615998 a wd:Q23002039 ;
    a wd:Q3918 ;
    rdfs:label ""Southeastern Louisiana University""@en .
wd:Q6397 a wd:Q484170 ;
    a wd:Q515 ;
    rdfs:label ""Avignon""@en .
wd:Q712477 a wd:Q13366129 ;
    a wd:Q16317911 ;
    a wd:Q16858648 ;
    a wd:Q23296480 ;
    a wd:Q245102 ;
    a wd:Q2634498 ;
    a wd:Q375355 ;
    a wd:Q467511 ;
    a wd:Q47577 ;
    a wd:Q50707 ;
    rdfs:label ""21""@en .
wd:Q82794 a wd:Q137022846 ;
    rdfs:label ""region""@en .
wd:Q101352 rdfs:label ""family name""@en .
wd:Q112193867 rdfs:label ""type of disease""@en .
wd:Q12308941 rdfs:label ""male given name""@en .
wd:Q13366129 rdfs:label ""odd number""@en .
wd:Q137022846 rdfs:label ""type of region""@en .
wd:Q16317911 rdfs:label ""positive integer""@en .
wd:Q16858648 rdfs:label ""centered pentachoric number""@en .
wd:Q20181813 rdfs:label ""colonial power""@en .
wd:Q20667921 rdfs:label ""type of French administrative division""@en .
wd:Q23002039 rdfs:label ""public educational institution of the United States""@en .
wd:Q23296480 rdfs:label ""highly touchable number""@en .
wd:Q245102 rdfs:label ""triangular number""@en .
wd:Q2634498 rdfs:label ""octagonal number""@en .
wd:Q3404720 rdfs:label ""tincture""@en .
wd:Q3624078 rdfs:label ""sovereign state""@en .
wd:Q36784 rdfs:label ""region of France""@en .
wd:Q375355 rdfs:label ""harshad number""@en .
wd:Q3918 rdfs:label ""university""@en .
wd:Q42303753 rdfs:label ""designated intractable/rare disease""@en .
wd:Q467511 rdfs:label ""deficient number""@en .
wd:Q47577 rdfs:label ""Fibonacci number""@en .
wd:Q484170 rdfs:label ""commune of France""@en .
wd:Q50707 rdfs:label ""composite number""@en .
wd:Q515 rdfs:label ""city""@en .
wd:Q51576574 rdfs:label ""Mediterranean country""@en .
wd:Q6256 rdfs:label ""country""@en .
wd:Q6465 rdfs:label ""department of France""@en .
wd:Q7270 rdfs:label ""republic""@en .
wd:Q929833 rdfs:label ""rare disease""@en .
wd:Q982388 a wd:Q1093829 ;
    rdfs:label ""Orange""@en ;
    kg:be wd:Q1066100 ;
    kg:be wd:Q1439 ;
    kg:be wd:Q25337 ;
    kg:be wd:Q30 ;
    kg:be wd:Q39825 ;
    kg:be wd:Q39850 ;
    kg:be wd:Q515 ;
    kg:beIn wd:Q169923 ;
    kg:beIn wd:Q5083 ;
    kg:beIn wd:Q62049 ;
    kg:beOf wd:Q5925 .

wd:Q1066100 a wd:Q13366104 ;
    a wd:Q16317911 ;
    a wd:Q375355 ;
    a wd:Q50705 ;
    a wd:Q50707 ;
    rdfs:label ""324""@en .
wd:Q1439 a wd:Q35657 ;
    rdfs:label ""Texas""@en .
wd:Q169923 a wd:Q179872 ;
    rdfs:label ""County Galway""@en .
wd:Q25337 a wd:Q19828 ;
    a wd:Q217015 ;
    a wd:Q3186692 ;
    rdfs:label ""2020""@en .
wd:Q30 a wd:Q1489259 ;
    a wd:Q1520223 ;
    a wd:Q3624078 ;
    a wd:Q5035794 ;
    a wd:Q6256 ;
    a wd:Q99541706 ;
    rdfs:label ""United States""@en .
wd:Q39825 a wd:Q1047113 ;
    a wd:Q15275719 ;
    a wd:Q2267705 ;
    rdfs:label ""census""@en .
wd:Q39850 a wd:Q13366129 ;
    a wd:Q145134 ;
    a wd:Q16317911 ;
    a wd:Q190890 ;
    a wd:Q190899 ;
    a wd:Q2634498 ;
    a wd:Q49008 ;
    rdfs:label ""19""@en .
wd:Q5083 a wd:Q1093829 ;
    a wd:Q1549591 ;
    a wd:Q62049 ;
    rdfs:label ""Seattle""@en .
wd:Q515 a wd:Q98966309 ;
    rdfs:label ""city""@en .
wd:Q5925 a wd:Q131427665 ;
    rdfs:label ""Orange County""@en .
wd:Q62049 rdfs:label ""county seat""@en .
wd:Q1047113 rdfs:label ""field of study""@en .
wd:Q1093829 rdfs:label ""city in the United States""@en .
wd:Q131427665 rdfs:label ""charter county of California""@en .
wd:Q13366104 rdfs:label ""even number""@en .
wd:Q13366129 rdfs:label ""odd number""@en .
wd:Q145134 rdfs:label ""strictly non-palindromic number""@en .
wd:Q1489259 rdfs:label ""superpower""@en .
wd:Q1520223 rdfs:label ""constitutional republic""@en .
wd:Q15275719 rdfs:label ""recurring event""@en .
wd:Q1549591 rdfs:label ""big city""@en .
wd:Q16317911 rdfs:label ""positive integer""@en .
wd:Q179872 rdfs:label ""county of Ireland""@en .
wd:Q190890 rdfs:label ""centered triangular number""@en .
wd:Q190899 rdfs:label ""centered hexagonal number""@en .
wd:Q19828 rdfs:label ""leap year""@en .
wd:Q217015 rdfs:label ""leap year starting on Wednesday and ending on Thursday""@en .
wd:Q2267705 rdfs:label ""field of study""@en .
wd:Q2634498 rdfs:label ""octagonal number""@en .
wd:Q3186692 rdfs:label ""calendar year""@en .
wd:Q35657 rdfs:label ""U.S. state""@en .
wd:Q3624078 rdfs:label ""sovereign state""@en .
wd:Q375355 rdfs:label ""harshad number""@en .
wd:Q49008 rdfs:label ""prime number""@en .
wd:Q5035794 rdfs:label ""capitalist state""@en .
wd:Q50705 rdfs:label ""square number""@en .
wd:Q50707 rdfs:label ""composite number""@en .
wd:Q62049 rdfs:label ""county seat""@en .
wd:Q6256 rdfs:label ""country""@en .
wd:Q98966309 rdfs:label ""classification of human settlements""@en .
wd:Q99541706 rdfs:label ""historical unrecognized state""@en .
","[[""Orange"", ""be"", ""19""], [""Orange"", ""be"", ""2020""], [""Orange"", ""be"", ""324""], [""Orange"", ""be"", ""border""], [""Orange"", ""be"", ""census""], [""Orange"", ""be"", ""city""], [""Orange"", ""be"", ""commune of France""], [""Orange"", ""be"", ""Gard""], [""Orange"", ""be"", ""kiyō""], [""Orange"", ""be"", ""Texas""], [""Orange"", ""be"", ""United States""], [""Orange"", ""beAbout"", ""21""], [""Orange"", ""beAbout"", ""North""], [""Orange"", ""beIn"", ""azure""], [""Orange"", ""beIn"", ""County Galway""], [""Orange"", ""beIn"", ""county seat""], [""Orange"", ""beIn"", ""France""], [""Orange"", ""beIn"", ""Provence-Alpes-Côte d'Azur""], [""Orange"", ""beIn"", ""region""], [""Orange"", ""beIn"", ""Seattle""], [""Orange"", ""beIn"", ""Southeastern Louisiana University""], [""Orange"", ""beIn"", ""Vaucluse""], [""Orange"", ""beOf"", ""Avignon""], [""Orange"", ""beOf"", ""Orange County""], [""Orange"", ""constitute"", ""Crohn's disease""], [""Orange"", ""constituteWith"", ""Occitania""], [""Orange"", ""follow"", ""Rhône""]]"
Java,"Java is a high-level, general-purpose, memory-safe, object-oriented programming language. It is intended to let programmers write once, run anywhere, meaning that compiled Java code can run on all platforms that support Java without the need to recompile. JSON is an open standard file format and data interchange format that uses human-readable text to store and transmit data objects consisting of name–value pairs and arrays. It is a commonly used data format with diverse uses in electronic data interchange, including that of web applications with servers.","@prefix rdfs: <http://www.w3.org/2000/01/rdf-schema#> .
@prefix wd: <http://www.wikidata.org/entity/> .
@prefix kg: <https://example.org/wikidata-description/> .

wd:Q251 a wd:Q12772052 ;
    a wd:Q56062429 ;
    a wd:Q7397 ;
    a wd:Q9143 ;
    rdfs:label ""Java""@en ;
    kg:be wd:Q34770 ;
    kg:be wd:Q4080983 ;
    kg:be wd:Q430949 ;
    kg:be wd:Q68 ;
    kg:be wd:Q79872 ;
    kg:compile wd:Q37141227 ;
    kg:let wd:Q109795339 ;
    kg:runOn wd:Q582151 .

wd:Q109795339 a wd:Q55850593 ;
    rdfs:label ""Programmers""@en .
wd:Q34770 a wd:Q28923954 ;
    rdfs:label ""language""@en .
wd:Q37141227 a wd:Q101352 ;
    rdfs:label ""Code""@en .
wd:Q4080983 a wd:Q1207505 ;
    rdfs:label ""memory safety""@en .
wd:Q430949 a wd:Q55430416 ;
    rdfs:label ""High Level""@en .
wd:Q582151 a wd:Q18195680 ;
    rdfs:label ""platform shoe""@en .
wd:Q68 a wd:Q11019 ;
    a wd:Q12579633 ;
    rdfs:label ""computer""@en .
wd:Q79872 a wd:Q188267 ;
    a wd:Q66747126 ;
    rdfs:label ""object-oriented programming""@en .
wd:Q101352 rdfs:label ""family name""@en .
wd:Q11019 rdfs:label ""machine""@en .
wd:Q1207505 rdfs:label ""quality""@en .
wd:Q12579633 rdfs:label ""invention""@en .
wd:Q12772052 rdfs:label ""multi-paradigm programming language""@en .
wd:Q18195680 rdfs:label ""shoe style""@en .
wd:Q188267 rdfs:label ""programming paradigm""@en .
wd:Q28923954 rdfs:label ""languoid class""@en .
wd:Q55430416 rdfs:label ""town in Alberta""@en .
wd:Q55850593 rdfs:label ""music track with vocals""@en .
wd:Q56062429 rdfs:label ""JVM language""@en .
wd:Q66747126 rdfs:label ""computer science term""@en .
wd:Q7397 rdfs:label ""software""@en .
wd:Q9143 rdfs:label ""programming language""@en .
wd:Q2063 a wd:Q1048236 ;
    a wd:Q137273092 ;
    a wd:Q235557 ;
    a wd:Q24451526 ;
    a wd:Q681263 ;
    rdfs:label ""JSON""@en ;
    kg:be wd:Q21502404 ;
    kg:be wd:Q22983 ;
    kg:be wd:Q235557 ;
    kg:be wd:Q2376564 ;
    kg:be wd:Q28962312 ;
    kg:be wd:Q317623 ;
    kg:be wd:Q47412631 ;
    kg:be wd:Q59221146 ;
    kg:consistOf wd:Q1682809 ;
    kg:consistOf wd:Q186152 ;
    kg:includeOf wd:Q64184577 ;
    kg:includeWith wd:Q44127 ;
    kg:transmit wd:Q488383 ;
    kg:transmit wd:Q59243101 ;
    kg:use wd:Q16716513 ;
    kg:use wd:Q494823 ;
    kg:useIn wd:Q624661 ;
    kg:useIn wd:Q96696332 ;
    kg:useWith wd:Q130643927 .

wd:Q130643927 a wd:Q482994 ;
    rdfs:label ""Diverse""@en .
wd:Q16716513 rdfs:label ""human-readable""@en .
wd:Q1682809 a wd:Q10708051 ;
    a wd:Q2312410 ;
    rdfs:label ""pair skating""@en .
wd:Q186152 rdfs:label ""array data structure""@en .
wd:Q21502404 rdfs:label ""format constraint""@en .
wd:Q22983 a wd:Q15773317 ;
    a wd:Q22074483 ;
    rdfs:label ""Data""@en .
wd:Q235557 rdfs:label ""file format""@en .
wd:Q2376564 rdfs:label ""interchange""@en .
wd:Q28962312 a wd:Q137361066 ;
    a wd:Q19798642 ;
    a wd:Q5374249 ;
    rdfs:label ""often""@en .
wd:Q317623 rdfs:label ""technical standard""@en .
wd:Q44127 rdfs:label ""server""@en .
wd:Q47412631 a wd:Q212971 ;
    rdfs:label ""RFC 678: Standard file formats""@en .
wd:Q488383 a wd:Q124711104 ;
    a wd:Q151885 ;
    a wd:Q23958852 ;
    rdfs:label ""object""@en .
wd:Q494823 rdfs:label ""data format""@en .
wd:Q59221146 a wd:Q59211454 ;
    rdfs:label ""file unit""@en .
wd:Q59243101 a wd:Q13442814 ;
    rdfs:label ""Data-Objects""@en .
wd:Q624661 a wd:Q215048 ;
    a wd:Q215380 ;
    rdfs:label ""Electronic""@en .
wd:Q64184577 a wd:Q2668072 ;
    rdfs:label ""Applications for Headstones (NAID 596118)""@en .
wd:Q96696332 a wd:Q5633421 ;
    rdfs:label ""EDIS""@en .
wd:Q1048236 rdfs:label ""machine-readable medium""@en .
wd:Q10708051 rdfs:label ""competition class""@en .
wd:Q124711104 rdfs:label ""BFO class""@en .
wd:Q13442814 rdfs:label ""scholarly article""@en .
wd:Q137273092 rdfs:label ""embedded domain-specific language""@en .
wd:Q137361066 rdfs:label ""subjective expression of frequency""@en .
wd:Q151885 rdfs:label ""concept""@en .
wd:Q15773317 rdfs:label ""television character""@en .
wd:Q19798642 rdfs:label ""Wikibase value""@en .
wd:Q212971 rdfs:label ""Request for Comments""@en .
wd:Q215048 rdfs:label ""supergroup""@en .
wd:Q215380 rdfs:label ""musical group""@en .
wd:Q22074483 rdfs:label ""fictional android""@en .
wd:Q2312410 rdfs:label ""sports discipline""@en .
wd:Q235557 rdfs:label ""file format""@en .
wd:Q23958852 rdfs:label ""variable-order class""@en .
wd:Q24451526 rdfs:label ""data serialization format""@en .
wd:Q2668072 rdfs:label ""collection""@en .
wd:Q482994 rdfs:label ""album""@en .
wd:Q5374249 rdfs:label ""relative frequency""@en .
wd:Q5633421 rdfs:label ""scientific journal""@en .
wd:Q59211454 rdfs:label ""level of description""@en .
wd:Q681263 rdfs:label ""open standard""@en .
","[[""Java"", ""be"", ""computer""], [""Java"", ""be"", ""High Level""], [""Java"", ""be"", ""language""], [""Java"", ""be"", ""memory safety""], [""Java"", ""be"", ""object-oriented programming""], [""Java"", ""compile"", ""Code""], [""Java"", ""let"", ""Programmers""], [""Java"", ""runOn"", ""platform shoe""], [""JSON"", ""be"", ""Data""], [""JSON"", ""be"", ""file format""], [""JSON"", ""be"", ""file unit""], [""JSON"", ""be"", ""format constraint""], [""JSON"", ""be"", ""interchange""], [""JSON"", ""be"", ""often""], [""JSON"", ""be"", ""RFC 678: Standard file formats""], [""JSON"", ""be"", ""technical standard""], [""JSON"", ""consistOf"", ""array data structure""], [""JSON"", ""consistOf"", ""pair skating""], [""JSON"", ""includeOf"", ""Applications for Headstones (NAID 596118)""], [""JSON"", ""includeWith"", ""server""], [""JSON"", ""transmit"", ""Data-Objects""], [""JSON"", ""transmit"", ""object""], [""JSON"", ""use"", ""data format""], [""JSON"", ""use"", ""human-readable""], [""JSON"", ""useIn"", ""EDIS""], [""JSON"", ""useIn"", ""Electronic""], [""JSON"", ""useWith"", ""Diverse""]]"
Python,"Python is a high-level, general-purpose programming language that emphasizes code readability, simplicity, and ease-of-writing with the use of significant indentation, an extensive standard library, and garbage collection. Python supports multiple programming paradigms but with an emphasis on object-oriented programming and dynamic typing. Python is a genus of constricting snakes in the Pythonidae family native to the tropics and subtropics of the Eastern Hemisphere. The name python was proposed by François Marie Daudin in 1803 for non-venomous flecked snakes.","@prefix rdfs: <http://www.w3.org/2000/01/rdf-schema#> .
@prefix wd: <http://www.wikidata.org/entity/> .
@prefix kg: <https://example.org/wikidata-description/> .

wd:Q28865 a wd:Q1004415 ;
    a wd:Q1130645 ;
    a wd:Q1268980 ;
    a wd:Q12772052 ;
    a wd:Q187432 ;
    a wd:Q1993334 ;
    a wd:Q211496 ;
    a wd:Q21562092 ;
    a wd:Q28923017 ;
    a wd:Q3839507 ;
    a wd:Q50843083 ;
    a wd:Q7397 ;
    a wd:Q899523 ;
    a wd:Q9143 ;
    rdfs:label ""Python""@en ;
    kg:be wd:Q34770 ;
    kg:be wd:Q430949 ;
    kg:be wd:Q68 ;
    kg:emphasize wd:Q1199356 ;
    kg:emphasize wd:Q1478321 ;
    kg:emphasize wd:Q15752338 ;
    kg:emphasize wd:Q17034531 ;
    kg:emphasize wd:Q1820650 ;
    kg:emphasize wd:Q2668072 ;
    kg:emphasize wd:Q28367692 ;
    kg:emphasize wd:Q317623 ;
    kg:emphasize wd:Q37141227 ;
    kg:emphasize wd:Q485673 ;
    kg:programOn wd:Q3215756 ;
    kg:programOn wd:Q79872 ;
    kg:programWith wd:Q181767 ;
    kg:support wd:Q130861450 ;
    kg:support wd:Q50806774 ;
    kg:support wd:Q8277 .

wd:Q1199356 a wd:Q17155032 ;
    rdfs:label ""standard library""@en .
wd:Q130861450 a wd:Q13442814 ;
    rdfs:label ""Multiple Programming Languages for Improving Computational Thinking in CS1""@en .
wd:Q1478321 a wd:Q112193867 ;
    a wd:Q42303753 ;
    rdfs:label ""spinal stenosis""@en .
wd:Q15752338 a wd:Q737498 ;
    rdfs:label ""The Library""@en .
wd:Q17034531 a wd:Q482994 ;
    rdfs:label ""Simplicity""@en .
wd:Q181767 rdfs:label ""stress""@en .
wd:Q1820650 rdfs:label ""readability""@en .
wd:Q2668072 a wd:Q1047113 ;
    a wd:Q1128340 ;
    a wd:Q11862829 ;
    a wd:Q2267705 ;
    rdfs:label ""collection""@en .
wd:Q28367692 rdfs:label ""cavity""@en .
wd:Q317623 rdfs:label ""technical standard""@en .
wd:Q3215756 a wd:Q1914636 ;
    rdfs:label ""typing""@en .
wd:Q34770 a wd:Q28923954 ;
    rdfs:label ""language""@en .
wd:Q37141227 a wd:Q101352 ;
    rdfs:label ""Code""@en .
wd:Q430949 a wd:Q55430416 ;
    rdfs:label ""High Level""@en .
wd:Q485673 a wd:Q215380 ;
    rdfs:label ""Garbage""@en .
wd:Q50806774 a wd:Q737498 ;
    a wd:Q773668 ;
    rdfs:label ""Paradigms""@en .
wd:Q68 a wd:Q11019 ;
    a wd:Q12579633 ;
    rdfs:label ""computer""@en .
wd:Q79872 a wd:Q188267 ;
    a wd:Q66747126 ;
    rdfs:label ""object-oriented programming""@en .
wd:Q8277 a wd:Q112193867 ;
    a wd:Q112965645 ;
    a wd:Q42303753 ;
    rdfs:label ""multiple sclerosis""@en .
wd:Q1004415 rdfs:label ""run-time system""@en .
wd:Q101352 rdfs:label ""family name""@en .
wd:Q1047113 rdfs:label ""field of study""@en .
wd:Q11019 rdfs:label ""machine""@en .
wd:Q112193867 rdfs:label ""type of disease""@en .
wd:Q1128340 rdfs:label ""subject heading""@en .
wd:Q112965645 rdfs:label ""symptom or sign""@en .
wd:Q1130645 rdfs:label ""open-source software""@en .
wd:Q11862829 rdfs:label ""academic discipline""@en .
wd:Q12579633 rdfs:label ""invention""@en .
wd:Q1268980 rdfs:label ""dynamic programming language""@en .
wd:Q12772052 rdfs:label ""multi-paradigm programming language""@en .
wd:Q13442814 rdfs:label ""scholarly article""@en .
wd:Q17155032 rdfs:label ""software category""@en .
wd:Q187432 rdfs:label ""scripting language""@en .
wd:Q188267 rdfs:label ""programming paradigm""@en .
wd:Q1914636 rdfs:label ""activity""@en .
wd:Q1993334 rdfs:label ""interpreted language""@en .
wd:Q211496 rdfs:label ""high-level programming language""@en .
wd:Q215380 rdfs:label ""musical group""@en .
wd:Q21562092 rdfs:label ""imperative programming language""@en .
wd:Q2267705 rdfs:label ""field of study""@en .
wd:Q28923017 rdfs:label ""strict programming language""@en .
wd:Q28923954 rdfs:label ""languoid class""@en .
wd:Q3839507 rdfs:label ""functional programming language""@en .
wd:Q42303753 rdfs:label ""designated intractable/rare disease""@en .
wd:Q482994 rdfs:label ""album""@en .
wd:Q50843083 rdfs:label ""off-side rule language""@en .
wd:Q55430416 rdfs:label ""town in Alberta""@en .
wd:Q66747126 rdfs:label ""computer science term""@en .
wd:Q737498 rdfs:label ""academic journal""@en .
wd:Q7397 rdfs:label ""software""@en .
wd:Q773668 rdfs:label ""open-access journal""@en .
wd:Q899523 rdfs:label ""object-based language""@en .
wd:Q9143 rdfs:label ""programming language""@en .
wd:Q271218 a wd:Q16521 ;
    rdfs:label ""Python""@en ;
    kg:be wd:Q34740 ;
    kg:constrict wd:Q2102 ;
    kg:constrictIn wd:Q1322263 ;
    kg:constrictIn wd:Q184018 ;
    kg:constrictIn wd:Q35409 ;
    kg:constrictOf wd:Q186198 ;
    kg:constrictOf wd:Q399984 ;
    kg:constrictOf wd:Q6723 ;
    kg:constrictTo wd:Q16305538 ;
    kg:constrictTo wd:Q42530 ;
    kg:proposeBy wd:Q1166840 ;
    kg:proposeBy wd:Q12787351 ;
    kg:proposeBy wd:Q632104 ;
    kg:proposeFor wd:Q18251706 ;
    kg:proposeFor wd:Q3437312 ;
    kg:proposeIn wd:Q19241405 .

wd:Q1166840 a wd:Q12308941 ;
    rdfs:label ""François""@en .
wd:Q12787351 a wd:Q101352 ;
    rdfs:label ""Daudin""@en .
wd:Q1322263 a wd:Q137018865 ;
    rdfs:label ""place of birth""@en .
wd:Q16305538 a wd:Q82794 ;
    rdfs:label ""subtropics""@en .
wd:Q18251706 a wd:Q7187 ;
    rdfs:label ""Is(In7;X)1Ct""@en .
wd:Q184018 a wd:Q16521 ;
    rdfs:label ""pythons""@en .
wd:Q186198 a wd:Q399984 ;
    rdfs:label ""Eastern Hemisphere""@en .
wd:Q19241405 a wd:Q13366129 ;
    a wd:Q16317911 ;
    a wd:Q50707 ;
    rdfs:label ""1803""@en .
wd:Q2102 a wd:Q55983715 ;
    rdfs:label ""snake""@en .
wd:Q3437312 a wd:Q13173566 ;
    rdfs:label ""aglyph""@en .
wd:Q34740 a wd:Q13578154 ;
    a wd:Q3100180 ;
    a wd:Q427626 ;
    rdfs:label ""genus""@en .
wd:Q35409 a wd:Q13578154 ;
    a wd:Q3100180 ;
    a wd:Q427626 ;
    rdfs:label ""family""@en .
wd:Q399984 rdfs:label ""hemisphere of the Earth""@en .
wd:Q42530 a wd:Q82794 ;
    rdfs:label ""tropics""@en .
wd:Q632104 a wd:Q3409032 ;
    rdfs:label ""Marie""@en .
wd:Q6723 a wd:Q17272482 ;
    rdfs:label ""UTC+02:00""@en .
wd:Q101352 rdfs:label ""family name""@en .
wd:Q12308941 rdfs:label ""male given name""@en .
wd:Q13173566 rdfs:label ""dentition type""@en .
wd:Q13366129 rdfs:label ""odd number""@en .
wd:Q13578154 rdfs:label ""rank in zoology""@en .
wd:Q137018865 rdfs:label ""type of place""@en .
wd:Q16317911 rdfs:label ""positive integer""@en .
wd:Q16521 rdfs:label ""taxon""@en .
wd:Q17272482 rdfs:label ""time zone named for a UTC offset""@en .
wd:Q3100180 rdfs:label ""rank in botany""@en .
wd:Q3409032 rdfs:label ""unisex given name""@en .
wd:Q399984 rdfs:label ""hemisphere of the Earth""@en .
wd:Q427626 rdfs:label ""taxonomic rank""@en .
wd:Q50707 rdfs:label ""composite number""@en .
wd:Q55983715 rdfs:label ""organisms known by a particular common name""@en .
wd:Q7187 rdfs:label ""gene""@en .
wd:Q82794 rdfs:label ""region""@en .
","[[""Python"", ""be"", ""computer""], [""Python"", ""be"", ""genus""], [""Python"", ""be"", ""High Level""], [""Python"", ""be"", ""language""], [""Python"", ""constrict"", ""snake""], [""Python"", ""constrictIn"", ""family""], [""Python"", ""constrictIn"", ""place of birth""], [""Python"", ""constrictIn"", ""pythons""], [""Python"", ""constrictOf"", ""Eastern Hemisphere""], [""Python"", ""constrictOf"", ""hemisphere of the Earth""], [""Python"", ""constrictOf"", ""UTC+02:00""], [""Python"", ""constrictTo"", ""subtropics""], [""Python"", ""constrictTo"", ""tropics""], [""Python"", ""emphasize"", ""cavity""], [""Python"", ""emphasize"", ""Code""], [""Python"", ""emphasize"", ""collection""], [""Python"", ""emphasize"", ""Garbage""], [""Python"", ""emphasize"", ""readability""], [""Python"", ""emphasize"", ""Simplicity""], [""Python"", ""emphasize"", ""spinal stenosis""], [""Python"", ""emphasize"", ""standard library""], [""Python"", ""emphasize"", ""technical standard""], [""Python"", ""emphasize"", ""The Library""], [""Python"", ""programOn"", ""object-oriented programming""], [""Python"", ""programOn"", ""typing""], [""Python"", ""programWith"", ""stress""], [""Python"", ""proposeBy"", ""Daudin""], [""Python"", ""proposeBy"", ""François""], [""Python"", ""proposeBy"", ""Marie""], [""Python"", ""proposeFor"", ""aglyph""], [""Python"", ""proposeFor"", ""Is(In7;X)1Ct""], [""Python"", ""proposeIn"", ""1803""], [""Python"", ""support"", ""Multiple Programming Languages for Improving Computational Thinking in CS1""], [""Python"", ""support"", ""multiple sclerosis""], [""Python"", ""support"", ""Paradigms""]]"
Mercury,"Mercury was a brand of medium-priced automobiles that was produced by American manufacturer Ford Motor Company between the 1939 and 2011 motor years. Created by Edsel Ford in 1938, Mercury was established to bridge the gap between the Ford and Lincoln model lines within Ford Motor Company. Mercury is a commune close to Albertville in the Savoie département in the Auvergne-Rhône-Alpes region in south-eastern France. It is part of the urban area of Albertville.","@prefix rdfs: <http://www.w3.org/2000/01/rdf-schema#> .
@prefix wd: <http://www.wikidata.org/entity/> .
@prefix kg: <https://example.org/wikidata-description/> .

wd:Q613883 a wd:Q10429667 ;
    a wd:Q167270 ;
    a wd:Q334453 ;
    rdfs:label ""Mercury""@en ;
    kg:be wd:Q15975618 ;
    kg:beOf wd:Q1420 ;
    kg:bridge wd:Q175081 ;
    kg:bridgeBetween wd:Q27638184 ;
    kg:bridgeBetween wd:Q28260 ;
    kg:bridgeBetween wd:Q4610556 ;
    kg:createBy wd:Q61838285 ;
    kg:createIn wd:Q18645 ;
    kg:produceBetween wd:Q18639 ;
    kg:produceBetween wd:Q1994 ;
    kg:produceBy wd:Q13235160 ;
    kg:produceBy wd:Q1420 ;
    kg:produceBy wd:Q2412929 ;
    kg:produceBy wd:Q44294 ;
    kg:produceBy wd:Q66332018 ;
    kg:produceBy wd:Q6881511 ;
    kg:produceBy wd:Q7976 .

wd:Q13235160 a wd:Q104086571 ;
    a wd:Q28640 ;
    rdfs:label ""manufacturer""@en .
wd:Q1420 a wd:Q140172580 ;
    a wd:Q140424465 ;
    rdfs:label ""car""@en .
wd:Q15975618 a wd:Q5 ;
    rdfs:label ""August Brand""@en .
wd:Q175081 a wd:Q484170 ;
    rdfs:label ""Gap""@en .
wd:Q18639 a wd:Q235670 ;
    a wd:Q3186692 ;
    rdfs:label ""1939""@en .
wd:Q18645 a wd:Q235673 ;
    a wd:Q3186692 ;
    rdfs:label ""1938""@en .
wd:Q1994 a wd:Q235673 ;
    a wd:Q235729 ;
    a wd:Q3186692 ;
    rdfs:label ""2011""@en .
wd:Q2412929 a wd:Q4830453 ;
    rdfs:label ""Motor Company of Botswana""@en .
wd:Q27638184 a wd:Q11424 ;
    rdfs:label ""Lines""@en .
wd:Q28260 a wd:Q1093829 ;
    a wd:Q1549591 ;
    a wd:Q21518270 ;
    a wd:Q62049 ;
    rdfs:label ""Lincoln""@en .
wd:Q44294 a wd:Q219577 ;
    a wd:Q43229 ;
    a wd:Q4830453 ;
    a wd:Q786820 ;
    a wd:Q891723 ;
    rdfs:label ""Ford Motor Company""@en .
wd:Q4610556 a wd:Q28640 ;
    rdfs:label ""model""@en .
wd:Q61838285 a wd:Q12308941 ;
    rdfs:label ""Edsel""@en .
wd:Q66332018 a wd:Q18593264 ;
    rdfs:label ""American Manufacturers Mutual Insurance Company, et al., petitioners v. Delores Scott Sullivan, et al. [Case 97-2000] / South Central Bell Telephone Company, et al., Petitioners v. Alabama, et al. [Case 97-2045] (NAID 138282731)""@en .
wd:Q6881511 a wd:Q17197366 ;
    a wd:Q3409269 ;
    rdfs:label ""enterprise""@en .
wd:Q7976 a wd:Q33384 ;
    a wd:Q33742 ;
    a wd:Q951873 ;
    rdfs:label ""American English""@en .
wd:Q104086571 rdfs:label ""first-order class""@en .
wd:Q10429667 rdfs:label ""car brand""@en .
wd:Q1093829 rdfs:label ""city in the United States""@en .
wd:Q11424 rdfs:label ""film""@en .
wd:Q12308941 rdfs:label ""male given name""@en .
wd:Q140172580 rdfs:label ""type of machine""@en .
wd:Q140424465 rdfs:label ""type of vehicle""@en .
wd:Q1549591 rdfs:label ""big city""@en .
wd:Q167270 rdfs:label ""trademark""@en .
wd:Q17197366 rdfs:label ""type of organization""@en .
wd:Q18593264 rdfs:label ""item of collection or exhibition""@en .
wd:Q21518270 rdfs:label ""state or insular area capital of the United States""@en .
wd:Q219577 rdfs:label ""holding company""@en .
wd:Q235670 rdfs:label ""common year starting and ending on Sunday""@en .
wd:Q235673 rdfs:label ""common year starting and ending on Saturday""@en .
wd:Q235729 rdfs:label ""common year""@en .
wd:Q28640 rdfs:label ""profession""@en .
wd:Q3186692 rdfs:label ""calendar year""@en .
wd:Q33384 rdfs:label ""dialect""@en .
wd:Q334453 rdfs:label ""division""@en .
wd:Q33742 rdfs:label ""natural language""@en .
wd:Q3409269 rdfs:label ""statistical unit""@en .
wd:Q43229 rdfs:label ""organization""@en .
wd:Q4830453 rdfs:label ""business""@en .
wd:Q484170 rdfs:label ""commune of France""@en .
wd:Q5 rdfs:label ""human""@en .
wd:Q62049 rdfs:label ""county seat""@en .
wd:Q786820 rdfs:label ""automobile manufacturer""@en .
wd:Q891723 rdfs:label ""public company""@en .
wd:Q951873 rdfs:label ""ethnolect""@en .
wd:Q1231263 a wd:Q484170 ;
    rdfs:label ""Mercury""@en ;
    kg:be wd:Q12731 ;
    kg:be wd:Q484170 ;
    kg:beIn wd:Q12745 ;
    kg:beIn wd:Q142 ;
    kg:beIn wd:Q1529921 ;
    kg:beIn wd:Q18338206 ;
    kg:beIn wd:Q82794 ;
    kg:beOf wd:Q11878943 ;
    kg:beTo wd:Q159469 .

wd:Q11878943 a wd:Q101352 ;
    a wd:Q98775491 ;
    rdfs:label ""Urban""@en .
wd:Q12731 a wd:Q1640962 ;
    a wd:Q7860962 ;
    rdfs:label ""dead end street""@en .
wd:Q12745 a wd:Q6465 ;
    rdfs:label ""Savoie""@en .
wd:Q142 a wd:Q20181813 ;
    a wd:Q3624078 ;
    a wd:Q51576574 ;
    a wd:Q6256 ;
    a wd:Q7270 ;
    rdfs:label ""France""@en .
wd:Q1529921 a wd:Q740752 ;
    rdfs:label ""South Eastern Railway""@en .
wd:Q159469 a wd:Q484170 ;
    rdfs:label ""Albertville""@en .
wd:Q18338206 a wd:Q36784 ;
    rdfs:label ""Auvergne-Rhône-Alpes""@en .
wd:Q484170 a wd:Q20667921 ;
    rdfs:label ""commune of France""@en .
wd:Q82794 a wd:Q137022846 ;
    rdfs:label ""region""@en .
wd:Q101352 rdfs:label ""family name""@en .
wd:Q137022846 rdfs:label ""type of region""@en .
wd:Q1640962 rdfs:label ""odonym""@en .
wd:Q20181813 rdfs:label ""colonial power""@en .
wd:Q20667921 rdfs:label ""type of French administrative division""@en .
wd:Q3624078 rdfs:label ""sovereign state""@en .
wd:Q36784 rdfs:label ""region of France""@en .
wd:Q484170 rdfs:label ""commune of France""@en .
wd:Q51576574 rdfs:label ""Mediterranean country""@en .
wd:Q6256 rdfs:label ""country""@en .
wd:Q6465 rdfs:label ""department of France""@en .
wd:Q7270 rdfs:label ""republic""@en .
wd:Q740752 rdfs:label ""transport company""@en .
wd:Q7860962 rdfs:label ""road type""@en .
wd:Q98775491 rdfs:label ""family name based on given name""@en .
","[[""Mercury"", ""be"", ""August Brand""], [""Mercury"", ""be"", ""commune of France""], [""Mercury"", ""be"", ""dead end street""], [""Mercury"", ""beIn"", ""Auvergne-Rhône-Alpes""], [""Mercury"", ""beIn"", ""France""], [""Mercury"", ""beIn"", ""region""], [""Mercury"", ""beIn"", ""Savoie""], [""Mercury"", ""beIn"", ""South Eastern Railway""], [""Mercury"", ""beOf"", ""car""], [""Mercury"", ""beOf"", ""Urban""], [""Mercury"", ""beTo"", ""Albertville""], [""Mercury"", ""bridge"", ""Gap""], [""Mercury"", ""bridgeBetween"", ""Lincoln""], [""Mercury"", ""bridgeBetween"", ""Lines""], [""Mercury"", ""bridgeBetween"", ""model""], [""Mercury"", ""createBy"", ""Edsel""], [""Mercury"", ""createIn"", ""1938""], [""Mercury"", ""produceBetween"", ""1939""], [""Mercury"", ""produceBetween"", ""2011""], [""Mercury"", ""produceBy"", ""American English""], [""Mercury"", ""produceBy"", ""American Manufacturers Mutual Insurance Company, et al., petitioners v. Delores Scott Sullivan, et al. [Case 97-2000] / South Central Bell Telephone Company, et al., Petitioners v. Alabama, et al. [Case 97-2045] (NAID 138282731)""], [""Mercury"", ""produceBy"", ""car""], [""Mercury"", ""produceBy"", ""enterprise""], [""Mercury"", ""produceBy"", ""Ford Motor Company""], [""Mercury"", ""produceBy"", ""manufacturer""], [""Mercury"", ""produceBy"", ""Motor Company of Botswana""]]"
Saturn,"Saturn was a god in ancient Roman religion, and a character in Roman mythology. He was described as a god of time, generation, dissolution, abundance, wealth, agriculture, periodic renewal and liberation. Saturn is the sixth planet from the Sun and the second largest in the Solar System, after Jupiter. It is a gas giant, with an average radius of about 9 times that of Earth.","@prefix rdfs: <http://www.w3.org/2000/01/rdf-schema#> .
@prefix wd: <http://www.wikidata.org/entity/> .
@prefix kg: <https://example.org/wikidata-description/> .

wd:Q134388 a wd:Q11688446 ;
    a wd:Q24284226 ;
    a wd:Q7805266 ;
    rdfs:label ""Saturn""@en ;
    kg:be wd:Q178885 ;
    kg:be wd:Q9134 ;
    kg:be wd:Q95074 ;
    kg:beIn wd:Q1747689 ;
    kg:beIn wd:Q839954 ;
    kg:beIn wd:Q9174 ;
    kg:beIn wd:Q933726 ;
    kg:describe wd:Q1002697 ;
    kg:describe wd:Q11398090 ;
    kg:describe wd:Q11451 ;
    kg:describe wd:Q13717 ;
    kg:describe wd:Q200535 ;
    kg:describe wd:Q2144402 ;
    kg:describe wd:Q336019 ;
    kg:describe wd:Q741182 ;
    kg:describeOf wd:Q43297 .

wd:Q1002697 a wd:Q110452794 ;
    a wd:Q121132955 ;
    a wd:Q39725049 ;
    rdfs:label ""periodical""@en .
wd:Q11398090 a wd:Q1914636 ;
    rdfs:label ""creation""@en .
wd:Q11451 a wd:Q3958441 ;
    a wd:Q627436 ;
    rdfs:label ""agriculture""@en .
wd:Q13717 a wd:Q1110794 ;
    rdfs:label ""Libération""@en .
wd:Q1747689 a wd:Q26907166 ;
    a wd:Q28171280 ;
    a wd:Q3024240 ;
    rdfs:label ""Ancient Rome""@en .
wd:Q178885 rdfs:label ""deity""@en .
wd:Q200535 rdfs:label ""wealth""@en .
wd:Q2144402 a wd:Q1190554 ;
    a wd:Q268592 ;
    rdfs:label ""renovation""@en .
wd:Q336019 rdfs:label ""abundance""@en .
wd:Q43297 a wd:Q1684600 ;
    a wd:Q41298 ;
    a wd:Q847906 ;
    rdfs:label ""Time""@en .
wd:Q741182 a wd:Q22087155 ;
    rdfs:label ""dissolution of parliament""@en .
wd:Q839954 rdfs:label ""archaeological site""@en .
wd:Q9134 a wd:Q110401282 ;
    a wd:Q483394 ;
    rdfs:label ""mythology""@en .
wd:Q9174 a wd:Q1047113 ;
    a wd:Q110401282 ;
    a wd:Q11042 ;
    a wd:Q11862829 ;
    a wd:Q1914636 ;
    a wd:Q82821 ;
    rdfs:label ""religion""@en .
wd:Q933726 a wd:Q12308941 ;
    rdfs:label ""Roman""@en .
wd:Q95074 a wd:Q6647660 ;
    rdfs:label ""character""@en .
wd:Q1047113 rdfs:label ""field of study""@en .
wd:Q110401282 rdfs:label ""type of world view""@en .
wd:Q11042 rdfs:label ""culture""@en .
wd:Q110452794 rdfs:label ""form of creative work""@en .
wd:Q1110794 rdfs:label ""daily newspaper""@en .
wd:Q11688446 rdfs:label ""Roman deity""@en .
wd:Q11862829 rdfs:label ""academic discipline""@en .
wd:Q1190554 rdfs:label ""occurrence""@en .
wd:Q121132955 rdfs:label ""type of mass media""@en .
wd:Q12308941 rdfs:label ""male given name""@en .
wd:Q1684600 rdfs:label ""news magazine""@en .
wd:Q1914636 rdfs:label ""activity""@en .
wd:Q22087155 rdfs:label ""end cause""@en .
wd:Q24284226 rdfs:label ""agricultural deity""@en .
wd:Q268592 rdfs:label ""industry""@en .
wd:Q26907166 rdfs:label ""temporal entity""@en .
wd:Q28171280 rdfs:label ""ancient civilization""@en .
wd:Q3024240 rdfs:label ""historical country""@en .
wd:Q3958441 rdfs:label ""economic sector""@en .
wd:Q39725049 rdfs:label ""type of publication""@en .
wd:Q41298 rdfs:label ""magazine""@en .
wd:Q483394 rdfs:label ""genre""@en .
wd:Q627436 rdfs:label ""field of work""@en .
wd:Q6647660 rdfs:label ""literary element""@en .
wd:Q7805266 rdfs:label ""time and fate deity""@en .
wd:Q82821 rdfs:label ""tradition""@en .
wd:Q847906 rdfs:label ""online magazine""@en .
wd:Q193 a wd:Q121750 ;
    a wd:Q30014 ;
    rdfs:label ""Saturn""@en ;
    kg:be wd:Q121750 ;
    kg:be wd:Q19108 ;
    kg:be wd:Q2 ;
    kg:be wd:Q202785 ;
    kg:be wd:Q24017749 ;
    kg:be wd:Q3863 ;
    kg:be wd:Q4039279 ;
    kg:be wd:Q703557 ;
    kg:be wd:Q7533119 ;
    kg:be wd:Q7533215 ;
    kg:be wd:Q860057 ;
    kg:be wd:Q9684 ;
    kg:beFrom wd:Q100368217 ;
    kg:beFrom wd:Q10578722 ;
    kg:beFrom wd:Q14647 ;
    kg:beIn wd:Q29441547 .

wd:Q100368217 a wd:Q3305213 ;
    rdfs:label ""SUN AND THE ROCKS""@en .
wd:Q10578722 a wd:Q104637420 ;
    a wd:Q21484471 ;
    rdfs:label ""maximum""@en .
wd:Q121750 a wd:Q17444909 ;
    rdfs:label ""gas giant""@en .
wd:Q14647 a wd:Q1058914 ;
    a wd:Q110080207 ;
    a wd:Q4830453 ;
    a wd:Q891723 ;
    rdfs:label ""Sun Microsystems""@en .
wd:Q2 a wd:Q2221906 ;
    a wd:Q3504248 ;
    a wd:Q82794 ;
    rdfs:label ""Earth""@en .
wd:Q202785 rdfs:label ""average""@en .
wd:Q24017749 a wd:Q101352 ;
    rdfs:label ""Radius""@en .
wd:Q29441547 a wd:Q101352 ;
    rdfs:label ""Solar""@en .
wd:Q3863 a wd:Q17444909 ;
    rdfs:label ""asteroid""@en .
wd:Q4039279 a wd:Q16024164 ;
    a wd:Q5633421 ;
    rdfs:label ""Gastroenterology""@en .
wd:Q703557 a wd:Q29044175 ;
    a wd:Q431289 ;
    a wd:Q4830453 ;
    a wd:Q6881511 ;
    a wd:Q891723 ;
    rdfs:label ""Giant Bicycles""@en .
wd:Q7533119 a wd:Q550089 ;
    rdfs:label ""Sixth Cambridge Survey of radio sources""@en .
wd:Q7533215 a wd:Q4167410 ;
    rdfs:label ""Sixth planet""@en .
wd:Q860057 a wd:Q1109500 ;
    a wd:Q17205 ;
    a wd:Q525365 ;
    rdfs:label ""USS Langley""@en .
wd:Q9684 a wd:Q1110794 ;
    a wd:Q1331793 ;
    rdfs:label ""The New York Times""@en .
wd:Q101352 rdfs:label ""family name""@en .
wd:Q104637420 rdfs:label ""sourcing circumstance""@en .
wd:Q1058914 rdfs:label ""software company""@en .
wd:Q110080207 rdfs:label ""academic spin-off""@en .
wd:Q1109500 rdfs:label ""collier""@en .
wd:Q1110794 rdfs:label ""daily newspaper""@en .
wd:Q121750 rdfs:label ""gas giant""@en .
wd:Q1331793 rdfs:label ""media company""@en .
wd:Q13366129 rdfs:label ""odd number""@en .
wd:Q1589528 rdfs:label ""centered octagonal number""@en .
wd:Q16024164 rdfs:label ""medical journal""@en .
wd:Q16317911 rdfs:label ""positive integer""@en .
wd:Q17205 rdfs:label ""aircraft carrier""@en .
wd:Q17444909 rdfs:label ""astronomical object type""@en .
wd:Q190893 rdfs:label ""centered cube number""@en .
wd:Q21484471 rdfs:label ""Wikimedia article covering multiple topics""@en .
wd:Q2221906 rdfs:label ""geographic location""@en .
wd:Q2702442 rdfs:label ""nonagonal number""@en .
wd:Q29044175 rdfs:label ""bicycle manufacturer""@en .
wd:Q2915234 rdfs:label ""Motzkin number""@en .
wd:Q30014 rdfs:label ""outer planet""@en .
wd:Q3305213 rdfs:label ""painting""@en .
wd:Q3504248 rdfs:label ""inner planet of the Solar System""@en .
wd:Q375355 rdfs:label ""harshad number""@en .
wd:Q4167410 rdfs:label ""Wikimedia disambiguation page""@en .
wd:Q431289 rdfs:label ""brand""@en .
wd:Q4357614 rdfs:label ""trimorphic number""@en .
wd:Q467511 rdfs:label ""deficient number""@en .
wd:Q4830453 rdfs:label ""business""@en .
wd:Q50705 rdfs:label ""square number""@en .
wd:Q50707 rdfs:label ""composite number""@en .
wd:Q525365 rdfs:label ""seaplane tender""@en .
wd:Q550089 rdfs:label ""astronomical survey""@en .
wd:Q5633421 rdfs:label ""scientific journal""@en .
wd:Q6881511 rdfs:label ""enterprise""@en .
wd:Q82794 rdfs:label ""region""@en .
wd:Q891723 rdfs:label ""public company""@en .
wd:Q96399905 rdfs:label ""power of three""@en .
","[[""Saturn"", ""be"", ""asteroid""], [""Saturn"", ""be"", ""average""], [""Saturn"", ""be"", ""character""], [""Saturn"", ""be"", ""deity""], [""Saturn"", ""be"", ""Earth""], [""Saturn"", ""be"", ""gas giant""], [""Saturn"", ""be"", ""Gastroenterology""], [""Saturn"", ""be"", ""Giant Bicycles""], [""Saturn"", ""be"", ""mythology""], [""Saturn"", ""be"", ""Q19108""], [""Saturn"", ""be"", ""Radius""], [""Saturn"", ""be"", ""Sixth Cambridge Survey of radio sources""], [""Saturn"", ""be"", ""Sixth planet""], [""Saturn"", ""be"", ""The New York Times""], [""Saturn"", ""be"", ""USS Langley""], [""Saturn"", ""beFrom"", ""maximum""], [""Saturn"", ""beFrom"", ""SUN AND THE ROCKS""], [""Saturn"", ""beFrom"", ""Sun Microsystems""], [""Saturn"", ""beIn"", ""Ancient Rome""], [""Saturn"", ""beIn"", ""archaeological site""], [""Saturn"", ""beIn"", ""religion""], [""Saturn"", ""beIn"", ""Roman""], [""Saturn"", ""beIn"", ""Solar""], [""Saturn"", ""describe"", ""abundance""], [""Saturn"", ""describe"", ""agriculture""], [""Saturn"", ""describe"", ""creation""], [""Saturn"", ""describe"", ""dissolution of parliament""], [""Saturn"", ""describe"", ""Libération""], [""Saturn"", ""describe"", ""periodical""], [""Saturn"", ""describe"", ""renovation""], [""Saturn"", ""describe"", ""wealth""], [""Saturn"", ""describeOf"", ""Time""]]"
Seal,"Seal Henry Olusegun Olumide Adeola Samuel, known mononymously as Seal, is a British singer, songwriter, and record producer. He is the recipient of three Brit Awards, four Grammy Awards and an MTV Video Music Award, with more than 20 million albums or singles sold. SeaLifeBase is a global online database of information about marine life. It aims to provide key information on the taxonomy, distribution and ecology of all marine species in the world apart from finfish.","@prefix rdfs: <http://www.w3.org/2000/01/rdf-schema#> .
@prefix wd: <http://www.wikidata.org/entity/> .
@prefix kg: <https://example.org/wikidata-description/> .

wd:Q218091 a wd:Q5 ;
    rdfs:label ""Seal""@en ;
    kg:be wd:Q1260201 ;
    kg:be wd:Q1458581 ;
    kg:be wd:Q2596417 ;
    kg:be wd:Q273899 ;
    kg:be wd:Q3062264 ;
    kg:be wd:Q3282637 ;
    kg:be wd:Q34508 ;
    kg:be wd:Q40292 ;
    kg:be wd:Q41254 ;
    kg:be wd:Q618779 ;
    kg:be wd:Q62032401 ;
    kg:be wd:Q638 ;
    kg:be wd:Q753110 ;
    kg:be wd:Q9309 ;
    kg:beOf wd:Q1973 ;
    kg:beOf wd:Q223313 ;
    kg:beOf wd:Q618779 .

wd:Q1260201 a wd:Q101352 ;
    a wd:Q333021 ;
    a wd:Q829026 ;
    rdfs:label ""Singer""@en .
wd:Q1458581 a wd:Q1254874 ;
    rdfs:label ""Record""@en .
wd:Q1973 a wd:Q11828004 ;
    rdfs:label ""British Columbia""@en .
wd:Q223313 a wd:Q107655869 ;
    a wd:Q1364556 ;
    rdfs:label ""BRIT Awards""@en .
wd:Q2596417 rdfs:label ""beneficiary""@en .
wd:Q273899 a wd:Q484170 ;
    rdfs:label ""Singles""@en .
wd:Q3062264 a wd:Q1254874 ;
    a wd:Q1616075 ;
    rdfs:label ""MTV Brasil""@en .
wd:Q3282637 a wd:Q4220920 ;
    rdfs:label ""film producer""@en .
wd:Q34508 rdfs:label ""video recording""@en .
wd:Q40292 a wd:Q10886944 ;
    a wd:Q11606 ;
    a wd:Q13366104 ;
    a wd:Q13825533 ;
    a wd:Q1486643 ;
    a wd:Q16317911 ;
    a wd:Q223722 ;
    a wd:Q375355 ;
    a wd:Q50707 ;
    a wd:Q975166 ;
    rdfs:label ""20""@en .
wd:Q41254 a wd:Q106592862 ;
    a wd:Q107655869 ;
    a wd:Q1364556 ;
    rdfs:label ""Grammy Awards""@en .
wd:Q618779 rdfs:label ""award""@en .
wd:Q62032401 rdfs:label ""album chart""@en .
wd:Q638 a wd:Q1047113 ;
    a wd:Q11862829 ;
    a wd:Q2267705 ;
    a wd:Q56055944 ;
    rdfs:label ""music""@en .
wd:Q753110 a wd:Q28640 ;
    a wd:Q66715801 ;
    rdfs:label ""songwriter""@en .
wd:Q9309 a wd:Q1288568 ;
    a wd:Q33742 ;
    rdfs:label ""Welsh""@en .
wd:Q101352 rdfs:label ""family name""@en .
wd:Q1047113 rdfs:label ""field of study""@en .
wd:Q106592862 rdfs:label ""annual music awards ceremony""@en .
wd:Q107655869 rdfs:label ""group of awards""@en .
wd:Q10886944 rdfs:label ""admirable number""@en .
wd:Q11606 rdfs:label ""magic number""@en .
wd:Q11828004 rdfs:label ""province of Canada""@en .
wd:Q11862829 rdfs:label ""academic discipline""@en .
wd:Q1254874 rdfs:label ""television network""@en .
wd:Q1288568 rdfs:label ""modern language""@en .
wd:Q13366104 rdfs:label ""even number""@en .
wd:Q1364556 rdfs:label ""music award""@en .
wd:Q13825533 rdfs:label ""dodecahedral number""@en .
wd:Q1486643 rdfs:label ""pronic number""@en .
wd:Q1616075 rdfs:label ""television station""@en .
wd:Q16317911 rdfs:label ""positive integer""@en .
wd:Q223722 rdfs:label ""abundant number""@en .
wd:Q2267705 rdfs:label ""field of study""@en .
wd:Q28640 rdfs:label ""profession""@en .
wd:Q333021 rdfs:label ""Übername""@en .
wd:Q33742 rdfs:label ""natural language""@en .
wd:Q375355 rdfs:label ""harshad number""@en .
wd:Q4220920 rdfs:label ""filmmaking occupation""@en .
wd:Q484170 rdfs:label ""commune of France""@en .
wd:Q5 rdfs:label ""human""@en .
wd:Q50707 rdfs:label ""composite number""@en .
wd:Q56055944 rdfs:label ""type of arts""@en .
wd:Q66715801 rdfs:label ""musical profession""@en .
wd:Q829026 rdfs:label ""occupational surname""@en .
wd:Q975166 rdfs:label ""tetrahedral number""@en .
wd:Q7439813 a wd:Q35127 ;
    a wd:Q4117139 ;
    a wd:Q5570651 ;
    a wd:Q7094076 ;
    rdfs:label ""SeaLifeBase""@en ;
    kg:be wd:Q1531570 ;
    kg:be wd:Q17023689 ;
    kg:be wd:Q60315954 ;
    kg:be wd:Q8513 ;
    kg:beAbout wd:Q4568822 ;
    kg:beAbout wd:Q463198 ;
    kg:provide wd:Q123187803 ;
    kg:provide wd:Q16871354 ;
    kg:provide wd:Q200726 ;
    kg:provide wd:Q7150 ;
    kg:provide wd:Q7432 ;
    kg:provideOn wd:Q8269924 .

wd:Q123187803 a wd:Q123186574 ;
    rdfs:label ""Finfish""@en .
wd:Q1531570 a wd:Q1438053 ;
    a wd:Q163740 ;
    a wd:Q4117139 ;
    a wd:Q484652 ;
    a wd:Q5227240 ;
    a wd:Q5570651 ;
    a wd:Q7094076 ;
    a wd:Q7689673 ;
    rdfs:label ""Global Biodiversity Information Facility""@en .
wd:Q16871354 a wd:Q101352 ;
    rdfs:label ""Key""@en .
wd:Q17023689 a wd:Q15416 ;
    rdfs:label ""Global Online""@en .
wd:Q200726 rdfs:label ""probability distribution""@en .
wd:Q4568822 a wd:Q11879590 ;
    rdfs:label ""Marine""@en .
wd:Q463198 a wd:Q41298 ;
    rdfs:label ""Life""@en .
wd:Q60315954 a wd:Q55341040 ;
    rdfs:label ""Online Games-Datenbank""@en .
wd:Q7150 a wd:Q1047113 ;
    a wd:Q11862829 ;
    a wd:Q2267705 ;
    a wd:Q28598684 ;
    rdfs:label ""ecology""@en .
wd:Q7432 a wd:Q13578154 ;
    a wd:Q3100180 ;
    a wd:Q427626 ;
    rdfs:label ""species""@en .
wd:Q8269924 a wd:Q11862829 ;
    rdfs:label ""taxonomy""@en .
wd:Q8513 rdfs:label ""database""@en .
wd:Q101352 rdfs:label ""family name""@en .
wd:Q1047113 rdfs:label ""field of study""@en .
wd:Q11862829 rdfs:label ""academic discipline""@en .
wd:Q11879590 rdfs:label ""female given name""@en .
wd:Q123186574 rdfs:label ""SIC industry classification""@en .
wd:Q13578154 rdfs:label ""rank in zoology""@en .
wd:Q1438053 rdfs:label ""research infrastructure""@en .
wd:Q15416 rdfs:label ""television program""@en .
wd:Q163740 rdfs:label ""nonprofit organization""@en .
wd:Q2267705 rdfs:label ""field of study""@en .
wd:Q28598684 rdfs:label ""branch of biology""@en .
wd:Q3100180 rdfs:label ""rank in botany""@en .
wd:Q35127 rdfs:label ""website""@en .
wd:Q4117139 rdfs:label ""biological database""@en .
wd:Q41298 rdfs:label ""magazine""@en .
wd:Q427626 rdfs:label ""taxonomic rank""@en .
wd:Q484652 rdfs:label ""international organization""@en .
wd:Q5227240 rdfs:label ""data library""@en .
wd:Q55341040 rdfs:label ""video game database""@en .
wd:Q5570651 rdfs:label ""global species database""@en .
wd:Q7094076 rdfs:label ""online database""@en .
wd:Q7689673 rdfs:label ""taxonomic database""@en .
","[[""Seal"", ""be"", ""20""], [""Seal"", ""be"", ""album chart""], [""Seal"", ""be"", ""award""], [""Seal"", ""be"", ""beneficiary""], [""Seal"", ""be"", ""film producer""], [""Seal"", ""be"", ""Grammy Awards""], [""Seal"", ""be"", ""MTV Brasil""], [""Seal"", ""be"", ""music""], [""Seal"", ""be"", ""Record""], [""Seal"", ""be"", ""Singer""], [""Seal"", ""be"", ""Singles""], [""Seal"", ""be"", ""songwriter""], [""Seal"", ""be"", ""video recording""], [""Seal"", ""be"", ""Welsh""], [""Seal"", ""beOf"", ""award""], [""Seal"", ""beOf"", ""BRIT Awards""], [""Seal"", ""beOf"", ""British Columbia""], [""SeaLifeBase"", ""be"", ""database""], [""SeaLifeBase"", ""be"", ""Global Biodiversity Information Facility""], [""SeaLifeBase"", ""be"", ""Global Online""], [""SeaLifeBase"", ""be"", ""Online Games-Datenbank""], [""SeaLifeBase"", ""beAbout"", ""Life""], [""SeaLifeBase"", ""beAbout"", ""Marine""], [""SeaLifeBase"", ""provide"", ""ecology""], [""SeaLifeBase"", ""provide"", ""Finfish""], [""SeaLifeBase"", ""provide"", ""Key""], [""SeaLifeBase"", ""provide"", ""probability distribution""], [""SeaLifeBase"", ""provide"", ""species""], [""SeaLifeBase"", ""provideOn"", ""taxonomy""]]"
Crane,"Crane is a surname. The name is a derivative of in Old English or is the English translation of the German or According to The Oxford Dictionary of Family Names in Britain & Ireland, and all mean in both Old English and German respectively. A crane is a machine used to move materials both vertically and horizontally, utilizing a system of a boom, hoist, wire ropes or chains, and sheaves for lifting and relocating heavy objects within the swing of its boom. The device uses one or more simple machines, such as the lever and pulley, to create mechanical advantage to do its work.","@prefix rdfs: <http://www.w3.org/2000/01/rdf-schema#> .
@prefix wd: <http://www.wikidata.org/entity/> .
@prefix kg: <https://example.org/wikidata-description/> .

wd:Q16865841 a wd:Q101352 ;
    rdfs:label ""Crane""@en ;
    kg:accordIn wd:Q145 ;
    kg:accordIn wd:Q27 ;
    kg:accordOf wd:Q15767091 ;
    kg:accordOf wd:Q35409 ;
    kg:accordTo wd:Q23622 ;
    kg:accordTo wd:Q34433 ;
    kg:be wd:Q101352 ;
    kg:be wd:Q113784867 ;
    kg:be wd:Q29175 ;
    kg:be wd:Q3331189 ;
    kg:beIn wd:Q1860 ;
    kg:beOf wd:Q188 .

wd:Q101352 a wd:Q121493639 ;
    rdfs:label ""family name""@en .
wd:Q113784867 a wd:Q11862829 ;
    a wd:Q12737077 ;
    a wd:Q1914636 ;
    rdfs:label ""translation into English""@en .
wd:Q145 a wd:Q112099 ;
    a wd:Q20181813 ;
    a wd:Q3624078 ;
    a wd:Q6256 ;
    rdfs:label ""United Kingdom""@en .
wd:Q15767091 a wd:Q108440863 ;
    a wd:Q73364223 ;
    a wd:Q73365499 ;
    a wd:Q737498 ;
    a wd:Q773668 ;
    rdfs:label ""Names: A Journal of Onomastics""@en .
wd:Q1860 a wd:Q1097949 ;
    a wd:Q1288568 ;
    a wd:Q152559 ;
    a wd:Q20162172 ;
    a wd:Q33742 ;
    a wd:Q34770 ;
    a wd:Q399495 ;
    rdfs:label ""English""@en .
wd:Q188 a wd:Q1288568 ;
    rdfs:label ""German""@en .
wd:Q23622 a wd:Q4263830 ;
    rdfs:label ""dictionary""@en .
wd:Q27 a wd:Q112099 ;
    a wd:Q127693126 ;
    a wd:Q3624078 ;
    a wd:Q6256 ;
    rdfs:label ""Ireland""@en .
wd:Q29175 a wd:Q657596 ;
    rdfs:label ""derivative""@en .
wd:Q3331189 a wd:Q11723795 ;
    a wd:Q24017414 ;
    rdfs:label ""version, edition or translation""@en .
wd:Q34433 a wd:Q3354859 ;
    a wd:Q38723 ;
    a wd:Q5341295 ;
    a wd:Q5420001 ;
    a wd:Q875538 ;
    rdfs:label ""University of Oxford""@en .
wd:Q35409 a wd:Q13578154 ;
    a wd:Q3100180 ;
    a wd:Q427626 ;
    rdfs:label ""family""@en .
wd:Q101352 rdfs:label ""family name""@en .
wd:Q108440863 rdfs:label ""diamond open-access journal""@en .
wd:Q1097949 rdfs:label ""literary language""@en .
wd:Q112099 rdfs:label ""island country""@en .
wd:Q11723795 rdfs:label ""item""@en .
wd:Q11862829 rdfs:label ""academic discipline""@en .
wd:Q121493639 rdfs:label ""name particle""@en .
wd:Q12737077 rdfs:label ""occupation""@en .
wd:Q127693126 rdfs:label ""successor state""@en .
wd:Q1288568 rdfs:label ""modern language""@en .
wd:Q13578154 rdfs:label ""rank in zoology""@en .
wd:Q152559 rdfs:label ""macrolanguage""@en .
wd:Q1914636 rdfs:label ""activity""@en .
wd:Q20162172 rdfs:label ""human language""@en .
wd:Q20181813 rdfs:label ""colonial power""@en .
wd:Q24017414 rdfs:label ""second-order class""@en .
wd:Q3100180 rdfs:label ""rank in botany""@en .
wd:Q3354859 rdfs:label ""collegiate university""@en .
wd:Q33742 rdfs:label ""natural language""@en .
wd:Q34770 rdfs:label ""language""@en .
wd:Q3624078 rdfs:label ""sovereign state""@en .
wd:Q38723 rdfs:label ""higher education institution""@en .
wd:Q399495 rdfs:label ""standard language""@en .
wd:Q4263830 rdfs:label ""literary form""@en .
wd:Q427626 rdfs:label ""taxonomic rank""@en .
wd:Q5341295 rdfs:label ""educational organization""@en .
wd:Q5420001 rdfs:label ""exempt charity""@en .
wd:Q6256 rdfs:label ""country""@en .
wd:Q657596 rdfs:label ""unary operation""@en .
wd:Q73364223 rdfs:label ""society journal""@en .
wd:Q73365499 rdfs:label ""APC-free journal""@en .
wd:Q737498 rdfs:label ""academic journal""@en .
wd:Q773668 rdfs:label ""open-access journal""@en .
wd:Q875538 rdfs:label ""public university""@en .
wd:Q178692 a wd:Q140172580 ;
    rdfs:label ""crane""@en ;
    kg:be wd:Q1760034 ;
    kg:create wd:Q24050179 ;
    kg:create wd:Q813243 ;
    kg:move wd:Q1223895 ;
    kg:move wd:Q4113827 ;
    kg:move wd:Q6786584 ;
    kg:relocate wd:Q36327105 ;
    kg:relocate wd:Q38848 ;
    kg:relocate wd:Q488383 ;
    kg:relocateWithin wd:Q859221 ;
    kg:rope wd:Q37530215 ;
    kg:rope wd:Q60411604 ;
    kg:use wd:Q11660 ;
    kg:use wd:Q16872087 ;
    kg:use wd:Q200183 ;
    kg:use wd:Q48378 ;
    kg:use wd:Q7520704 ;
    kg:utilize wd:Q1411613 ;
    kg:utilize wd:Q26934461 ;
    kg:utilizeOf wd:Q723972 .

wd:Q11660 a wd:Q112057532 ;
    a wd:Q123370638 ;
    a wd:Q125161275 ;
    rdfs:label ""artificial intelligence""@en .
wd:Q1223895 a wd:Q659563 ;
    rdfs:label ""side-scrolling video game""@en .
wd:Q1411613 rdfs:label ""hoist""@en .
wd:Q16872087 a wd:Q101352 ;
    rdfs:label ""Lever""@en .
wd:Q1760034 a wd:Q482994 ;
    rdfs:label ""Machine""@en .
wd:Q200183 a wd:Q10876391 ;
    a wd:Q138685553 ;
    rdfs:label ""Simple English Wikipedia""@en .
wd:Q24050179 a wd:Q12379553 ;
    rdfs:label ""advantage""@en .
wd:Q26934461 a wd:Q2462003 ;
    a wd:Q341 ;
    a wd:Q3635085 ;
    a wd:Q620615 ;
    rdfs:label ""Wire""@en .
wd:Q36327105 a wd:Q13442814 ;
    rdfs:label ""Heavy objects and small children: Developmental data extend the passive frame theory""@en .
wd:Q37530215 a wd:Q101352 ;
    rdfs:label ""Sheaves""@en .
wd:Q38848 a wd:Q14946528 ;
    a wd:Q188451 ;
    rdfs:label ""heavy metal music""@en .
wd:Q4113827 rdfs:label ""vertically transmitted infection""@en .
wd:Q48378 rdfs:label ""pulley""@en .
wd:Q488383 a wd:Q124711104 ;
    a wd:Q151885 ;
    a wd:Q23958852 ;
    rdfs:label ""object""@en .
wd:Q60411604 a wd:Q55850593 ;
    rdfs:label ""Chains""@en .
wd:Q6786584 a wd:Q1002697 ;
    a wd:Q5633421 ;
    a wd:Q737498 ;
    a wd:Q773668 ;
    rdfs:label ""Materials""@en .
wd:Q723972 a wd:Q493522 ;
    rdfs:label ""Boom""@en .
wd:Q7520704 a wd:Q18127 ;
    rdfs:label ""Simple Machines""@en .
wd:Q813243 rdfs:label ""ventilator""@en .
wd:Q859221 a wd:Q1193246 ;
    a wd:Q21127166 ;
    rdfs:label ""Swing""@en .
wd:Q1002697 rdfs:label ""periodical""@en .
wd:Q101352 rdfs:label ""family name""@en .
wd:Q10876391 rdfs:label ""Wikipedia language edition""@en .
wd:Q112057532 rdfs:label ""type of technology""@en .
wd:Q1193246 rdfs:label ""widget toolkit""@en .
wd:Q123370638 rdfs:label ""branch of computer science""@en .
wd:Q12379553 rdfs:label ""general term""@en .
wd:Q124711104 rdfs:label ""BFO class""@en .
wd:Q125161275 rdfs:label ""type of intelligence""@en .
wd:Q13442814 rdfs:label ""scholarly article""@en .
wd:Q138685553 rdfs:label ""Wikimedia project with a nonstandard language code""@en .
wd:Q140172580 rdfs:label ""type of machine""@en .
wd:Q14946528 rdfs:label ""conflation""@en .
wd:Q151885 rdfs:label ""concept""@en .
wd:Q18127 rdfs:label ""record label""@en .
wd:Q188451 rdfs:label ""music genre""@en .
wd:Q21127166 rdfs:label ""Java software library""@en .
wd:Q23958852 rdfs:label ""variable-order class""@en .
wd:Q2462003 rdfs:label ""instant messaging client""@en .
wd:Q341 rdfs:label ""free software""@en .
wd:Q3635085 rdfs:label ""communication software""@en .
wd:Q482994 rdfs:label ""album""@en .
wd:Q493522 rdfs:label ""municipality of Belgium""@en .
wd:Q55850593 rdfs:label ""music track with vocals""@en .
wd:Q5633421 rdfs:label ""scientific journal""@en .
wd:Q620615 rdfs:label ""mobile app""@en .
wd:Q659563 rdfs:label ""video game genre""@en .
wd:Q737498 rdfs:label ""academic journal""@en .
wd:Q773668 rdfs:label ""open-access journal""@en .
","[[""Crane"", ""accordIn"", ""Ireland""], [""Crane"", ""accordIn"", ""United Kingdom""], [""Crane"", ""accordOf"", ""family""], [""Crane"", ""accordOf"", ""Names: A Journal of Onomastics""], [""Crane"", ""accordTo"", ""dictionary""], [""Crane"", ""accordTo"", ""University of Oxford""], [""Crane"", ""be"", ""derivative""], [""Crane"", ""be"", ""family name""], [""crane"", ""be"", ""Machine""], [""Crane"", ""be"", ""translation into English""], [""Crane"", ""be"", ""version, edition or translation""], [""Crane"", ""beIn"", ""English""], [""Crane"", ""beOf"", ""German""], [""crane"", ""create"", ""advantage""], [""crane"", ""create"", ""ventilator""], [""crane"", ""move"", ""Materials""], [""crane"", ""move"", ""side-scrolling video game""], [""crane"", ""move"", ""vertically transmitted infection""], [""crane"", ""relocate"", ""heavy metal music""], [""crane"", ""relocate"", ""Heavy objects and small children: Developmental data extend the passive frame theory""], [""crane"", ""relocate"", ""object""], [""crane"", ""relocateWithin"", ""Swing""], [""crane"", ""rope"", ""Chains""], [""crane"", ""rope"", ""Sheaves""], [""crane"", ""use"", ""artificial intelligence""], [""crane"", ""use"", ""Lever""], [""crane"", ""use"", ""pulley""], [""crane"", ""use"", ""Simple English Wikipedia""], [""crane"", ""use"", ""Simple Machines""], [""crane"", ""utilize"", ""hoist""], [""crane"", ""utilize"", ""Wire""], [""crane"", ""utilizeOf"", ""Boom""]]"
Bank,"A bank is a financial institution that accepts deposits from the public and creates a demand deposit while making loans. Lending activities can be directly performed by the bank or indirectly through capital markets. Bank is a surname. Notable people with the surname include: Floyd Bank, American former basketball coach Frank Bank, American actor István Bank, Hungarian footballer Jan Bank, Dutch historian Jesper Bank, Danish sailor Joshua Bank, Russian writer and rabbi Lawrence C.","@prefix rdfs: <http://www.w3.org/2000/01/rdf-schema#> .
@prefix wd: <http://www.wikidata.org/entity/> .
@prefix kg: <https://example.org/wikidata-description/> .

wd:Q22687 rdfs:label ""bank""@en ;
    kg:accept wd:Q18554103 ;
    kg:acceptFrom wd:Q180686 ;
    kg:be wd:Q43229 ;
    kg:create wd:Q37500962 ;
    kg:create wd:Q5260774 ;
    kg:make wd:Q6663494 ;
    kg:performBy wd:Q115455199 ;
    kg:performThrough wd:Q125689837 ;
    kg:performThrough wd:Q43388878 ;
    kg:performThrough wd:Q5119 .

wd:Q115455199 a wd:Q1207505 ;
    a wd:Q1969448 ;
    rdfs:label ""indirect""@en .
wd:Q125689837 a wd:Q83790 ;
    rdfs:label ""CAPITAL MARKETS""@en .
wd:Q18554103 a wd:Q112193867 ;
    rdfs:label ""corneal deposit""@en .
wd:Q37500962 a wd:Q101352 ;
    rdfs:label ""Demand""@en .
wd:Q43229 a wd:Q134602570 ;
    a wd:Q151885 ;
    a wd:Q96116695 ;
    rdfs:label ""organization""@en .
wd:Q43388878 a wd:Q79007 ;
    rdfs:label ""Markétská""@en .
wd:Q5119 rdfs:label ""capital city""@en .
wd:Q5260774 a wd:Q151885 ;
    a wd:Q1914636 ;
    rdfs:label ""deposit""@en .
wd:Q6663494 a wd:Q532 ;
    rdfs:label ""Loans""@en .
wd:Q101352 rdfs:label ""family name""@en .
wd:Q112193867 rdfs:label ""type of disease""@en .
wd:Q1207505 rdfs:label ""quality""@en .
wd:Q134602570 rdfs:label ""class of being""@en .
wd:Q151885 rdfs:label ""concept""@en .
wd:Q1789476 rdfs:label ""bibliographic database""@en .
wd:Q1914636 rdfs:label ""activity""@en .
wd:Q1916557 rdfs:label ""medical database""@en .
wd:Q19541 rdfs:label ""search engine""@en .
wd:Q1969448 rdfs:label ""term""@en .
wd:Q35127 rdfs:label ""website""@en .
wd:Q532 rdfs:label ""village""@en .
wd:Q79007 rdfs:label ""street""@en .
wd:Q83790 rdfs:label ""textbook""@en .
wd:Q8513 rdfs:label ""database""@en .
wd:Q96116695 rdfs:label ""type of system""@en .
wd:Q16479798 a wd:Q101352 ;
    rdfs:label ""Bank""@en ;
    kg:be wd:Q101352 ;
    kg:include wd:Q1158511 ;
    kg:include wd:Q12173670 ;
    kg:include wd:Q133485 ;
    kg:include wd:Q15635788 ;
    kg:include wd:Q15728196 ;
    kg:include wd:Q16275854 ;
    kg:include wd:Q201788 ;
    kg:include wd:Q220546 ;
    kg:include wd:Q28229089 ;
    kg:include wd:Q3284319 ;
    kg:include wd:Q33999 ;
    kg:include wd:Q36180 ;
    kg:include wd:Q39990 ;
    kg:include wd:Q45199 ;
    kg:include wd:Q4960 ;
    kg:include wd:Q5372 ;
    kg:include wd:Q628099 ;
    kg:include wd:Q7411 ;
    kg:include wd:Q7737 ;
    kg:include wd:Q7976 ;
    kg:include wd:Q9035 ;
    kg:include wd:Q9067 ;
    kg:include wd:Q937857 .

wd:Q101352 a wd:Q121493639 ;
    rdfs:label ""family name""@en .
wd:Q1158511 a wd:Q12308941 ;
    rdfs:label ""Jesper""@en .
wd:Q12173670 a wd:Q12308941 ;
    rdfs:label ""Jan""@en .
wd:Q133485 a wd:Q28640 ;
    a wd:Q3320743 ;
    a wd:Q4504549 ;
    a wd:Q63187384 ;
    rdfs:label ""rabbi""@en .
wd:Q15635788 a wd:Q12308941 ;
    rdfs:label ""Lawrence""@en .
wd:Q15728196 a wd:Q12308941 ;
    rdfs:label ""István""@en .
wd:Q16275854 a wd:Q12308941 ;
    rdfs:label ""Floyd""@en .
wd:Q201788 a wd:Q28640 ;
    rdfs:label ""historian""@en .
wd:Q220546 a wd:Q12308941 ;
    rdfs:label ""Frank""@en .
wd:Q3284319 a wd:Q12308941 ;
    rdfs:label ""Joshua""@en .
wd:Q33999 a wd:Q108300140 ;
    a wd:Q12737077 ;
    a wd:Q15839299 ;
    a wd:Q28640 ;
    a wd:Q4220920 ;
    rdfs:label ""actor""@en .
wd:Q36180 a wd:Q12737077 ;
    a wd:Q28640 ;
    rdfs:label ""writer""@en .
wd:Q39990 a wd:Q5 ;
    rdfs:label ""Michael McMillian""@en .
wd:Q45199 a wd:Q28640 ;
    a wd:Q99547053 ;
    rdfs:label ""sailor""@en .
wd:Q4960 a wd:Q5 ;
    rdfs:label ""Jason Lee""@en .
wd:Q5372 a wd:Q212434 ;
    a wd:Q31629 ;
    a wd:Q47728 ;
    rdfs:label ""basketball""@en .
wd:Q628099 a wd:Q28640 ;
    rdfs:label ""association football coach""@en .
wd:Q7411 a wd:Q138638548 ;
    rdfs:label ""Dutch""@en .
wd:Q7737 a wd:Q1288568 ;
    a wd:Q33742 ;
    a wd:Q34770 ;
    rdfs:label ""Russian""@en .
wd:Q7976 a wd:Q33384 ;
    a wd:Q33742 ;
    a wd:Q951873 ;
    rdfs:label ""American English""@en .
wd:Q9035 a wd:Q1288568 ;
    a wd:Q33742 ;
    rdfs:label ""Danish""@en .
wd:Q9067 a wd:Q1047113 ;
    a wd:Q1288568 ;
    a wd:Q33742 ;
    a wd:Q34770 ;
    rdfs:label ""Hungarian""@en .
wd:Q937857 a wd:Q12737077 ;
    a wd:Q28640 ;
    rdfs:label ""association football player""@en .
wd:Q101352 rdfs:label ""family name""@en .
wd:Q1047113 rdfs:label ""field of study""@en .
wd:Q108300140 rdfs:label ""occupation group according to ISCO-08""@en .
wd:Q121493639 rdfs:label ""name particle""@en .
wd:Q12308941 rdfs:label ""male given name""@en .
wd:Q12737077 rdfs:label ""occupation""@en .
wd:Q1288568 rdfs:label ""modern language""@en .
wd:Q138638548 rdfs:label ""modern natural language""@en .
wd:Q15839299 rdfs:label ""theatrical occupation""@en .
wd:Q212434 rdfs:label ""Olympic sport""@en .
wd:Q28640 rdfs:label ""profession""@en .
wd:Q31629 rdfs:label ""type of sport""@en .
wd:Q3320743 rdfs:label ""title of honor""@en .
wd:Q33384 rdfs:label ""dialect""@en .
wd:Q33742 rdfs:label ""natural language""@en .
wd:Q34770 rdfs:label ""language""@en .
wd:Q4220920 rdfs:label ""filmmaking occupation""@en .
wd:Q4504549 rdfs:label ""religious role""@en .
wd:Q47728 rdfs:label ""hobby""@en .
wd:Q5 rdfs:label ""human""@en .
wd:Q63187384 rdfs:label ""Jewish religious occupation""@en .
wd:Q951873 rdfs:label ""ethnolect""@en .
wd:Q99547053 rdfs:label ""maritime occupation""@en .
","[[""bank"", ""accept"", ""corneal deposit""], [""bank"", ""acceptFrom"", ""Q180686""], [""Bank"", ""be"", ""family name""], [""bank"", ""be"", ""organization""], [""bank"", ""create"", ""Demand""], [""bank"", ""create"", ""deposit""], [""Bank"", ""include"", ""actor""], [""Bank"", ""include"", ""American English""], [""Bank"", ""include"", ""association football coach""], [""Bank"", ""include"", ""association football player""], [""Bank"", ""include"", ""basketball""], [""Bank"", ""include"", ""Danish""], [""Bank"", ""include"", ""Dutch""], [""Bank"", ""include"", ""Floyd""], [""Bank"", ""include"", ""Frank""], [""Bank"", ""include"", ""historian""], [""Bank"", ""include"", ""Hungarian""], [""Bank"", ""include"", ""István""], [""Bank"", ""include"", ""Jan""], [""Bank"", ""include"", ""Jason Lee""], [""Bank"", ""include"", ""Jesper""], [""Bank"", ""include"", ""Joshua""], [""Bank"", ""include"", ""Lawrence""], [""Bank"", ""include"", ""Michael McMillian""], [""Bank"", ""include"", ""Q28229089""], [""Bank"", ""include"", ""rabbi""], [""Bank"", ""include"", ""Russian""], [""Bank"", ""include"", ""sailor""], [""Bank"", ""include"", ""writer""], [""bank"", ""make"", ""Loans""], [""bank"", ""performBy"", ""indirect""], [""bank"", ""performThrough"", ""capital city""], [""bank"", ""performThrough"", ""CAPITAL MARKETS""], [""bank"", ""performThrough"", ""Markétská""]]"
Bat,"Bath is a city in Somerset, England, known for and named after its Roman-built baths. At the 2021 census, the population was 94,080. Bats are winged mammals, the only mammals capable of true and sustained flight. Bats are more agile in flight than most birds, flying with their long spread-out digits covered with a thin membrane or patagium.","@prefix rdfs: <http://www.w3.org/2000/01/rdf-schema#> .
@prefix wd: <http://www.wikidata.org/entity/> .
@prefix kg: <https://example.org/wikidata-description/> .

wd:Q22889 a wd:Q110390579 ;
    a wd:Q515 ;
    a wd:Q702492 ;
    a wd:Q7897276 ;
    rdfs:label ""Bath""@en ;
    kg:be wd:Q21 ;
    kg:be wd:Q3596655 ;
    kg:be wd:Q515 ;
    kg:be wd:Q683782 ;
    kg:beIn wd:Q67461071 ;
    kg:nameAfter wd:Q327651 .

wd:Q21 a wd:Q3336843 ;
    a wd:Q518261 ;
    a wd:Q6256 ;
    a wd:Q6266 ;
    rdfs:label ""England""@en .
wd:Q327651 rdfs:label ""bathing""@en .
wd:Q515 a wd:Q98966309 ;
    rdfs:label ""city""@en .
wd:Q67461071 a wd:Q1138494 ;
    rdfs:label ""Somerset""@en .
wd:Q683782 a wd:Q13366104 ;
    a wd:Q16317911 ;
    a wd:Q18454706 ;
    a wd:Q50707 ;
    a wd:Q765289 ;
    rdfs:label ""94""@en .
wd:Q110390579 rdfs:label ""city of United Kingdom""@en .
wd:Q1138494 rdfs:label ""historic county of England""@en .
wd:Q11480109 rdfs:label ""area code""@en .
wd:Q13366104 rdfs:label ""even number""@en .
wd:Q16317911 rdfs:label ""positive integer""@en .
wd:Q18454706 rdfs:label ""heptadecagonal number""@en .
wd:Q3336843 rdfs:label ""constituent country of the United Kingdom""@en .
wd:Q50707 rdfs:label ""composite number""@en .
wd:Q515 rdfs:label ""city""@en .
wd:Q518261 rdfs:label ""cultural area""@en .
wd:Q6256 rdfs:label ""country""@en .
wd:Q6266 rdfs:label ""nation""@en .
wd:Q702492 rdfs:label ""urban area""@en .
wd:Q765289 rdfs:label ""semiprime""@en .
wd:Q7897276 rdfs:label ""unparished area""@en .
wd:Q98966309 rdfs:label ""classification of human settlements""@en .
wd:Q28425 a wd:Q16521 ;
    rdfs:label ""Chiroptera""@en ;
    kg:be wd:Q30232 ;
    kg:beThan wd:Q5113 ;
    kg:coverWith wd:Q14349455 ;
    kg:coverWith wd:Q50702447 ;
    kg:flyWith wd:Q132734655 ;
    kg:flyWith wd:Q82990 ;
    kg:wing wd:Q110551885 ;
    kg:wing wd:Q135049284 ;
    kg:wing wd:Q13583449 ;
    kg:wing wd:Q16927530 ;
    kg:wing wd:Q5034473 .

wd:Q110551885 a wd:Q55983715 ;
    rdfs:label ""mammal""@en .
wd:Q132734655 rdfs:label ""spread out""@en .
wd:Q135049284 a wd:Q7889 ;
    rdfs:label ""Sustained""@en .
wd:Q13583449 a wd:Q21506450 ;
    rdfs:label ""flight""@en .
wd:Q14349455 a wd:Q5058355 ;
    rdfs:label ""membrane""@en .
wd:Q16927530 a wd:Q101352 ;
    rdfs:label ""True""@en .
wd:Q30232 a wd:Q2904257 ;
    a wd:Q66747126 ;
    rdfs:label ""agile software development""@en .
wd:Q5034473 a wd:Q47461344 ;
    rdfs:label ""Capable of Honor""@en .
wd:Q50702447 a wd:Q16521 ;
    rdfs:label ""Patagium""@en .
wd:Q5113 a wd:Q16521 ;
    a wd:Q55983715 ;
    rdfs:label ""bird""@en .
wd:Q82990 a wd:Q78754808 ;
    rdfs:label ""digit""@en .
wd:Q101352 rdfs:label ""family name""@en .
wd:Q16521 rdfs:label ""taxon""@en .
wd:Q21506450 rdfs:label ""military unit size class""@en .
wd:Q2904257 rdfs:label ""software development process""@en .
wd:Q47461344 rdfs:label ""written work""@en .
wd:Q5058355 rdfs:label ""cellular component""@en .
wd:Q55983715 rdfs:label ""organisms known by a particular common name""@en .
wd:Q66747126 rdfs:label ""computer science term""@en .
wd:Q78754808 rdfs:label ""counting unit""@en .
wd:Q7889 rdfs:label ""video game""@en .
","[[""Bath"", ""be"", ""94""], [""Bath"", ""be"", ""city""], [""Bath"", ""be"", ""England""], [""Bath"", ""be"", ""Q3596655""], [""Bath"", ""beIn"", ""Somerset""], [""Bath"", ""nameAfter"", ""bathing""], [""Chiroptera"", ""be"", ""agile software development""], [""Chiroptera"", ""beThan"", ""bird""], [""Chiroptera"", ""coverWith"", ""membrane""], [""Chiroptera"", ""coverWith"", ""Patagium""], [""Chiroptera"", ""flyWith"", ""digit""], [""Chiroptera"", ""flyWith"", ""spread out""], [""Chiroptera"", ""wing"", ""Capable of Honor""], [""Chiroptera"", ""wing"", ""flight""], [""Chiroptera"", ""wing"", ""mammal""], [""Chiroptera"", ""wing"", ""Sustained""], [""Chiroptera"", ""wing"", ""True""]]"
Date,"A calendar date is a reference to a particular day, represented within a calendar system, enabling a specific day to be unambiguously identified. Simple math can be performed between dates; commonly, the number of days between two dates may be calculated, e.g., is ten days after. An anniversary is the date on which an event took place or an institution was founded. Most countries celebrate national anniversaries, typically called national days.","@prefix rdfs: <http://www.w3.org/2000/01/rdf-schema#> .
@prefix wd: <http://www.wikidata.org/entity/> .
@prefix kg: <https://example.org/wikidata-description/> .

wd:Q205892 rdfs:label ""calendar date""@en ;
    kg:be wd:Q121769 ;
    kg:be wd:Q51968852 ;
    kg:beTo wd:Q5242796 ;
    kg:enable wd:Q71536040 ;
    kg:perform wd:Q28962312 ;
    kg:perform wd:Q573 ;
    kg:performBetween wd:Q13427026 .

wd:Q121769 a wd:Q130324710 ;
    rdfs:label ""reference""@en .
wd:Q13427026 a wd:Q5398426 ;
    rdfs:label ""Dates""@en .
wd:Q28962312 a wd:Q137361066 ;
    a wd:Q19798642 ;
    a wd:Q5374249 ;
    rdfs:label ""often""@en .
wd:Q51968852 a wd:Q13442814 ;
    rdfs:label ""Unambiguously distinguishing Si[3Si,1Al] and Si[3Si,1OH] stuctural units in zeolite by 1H/29Si/27Al triple resonance solid state NMR spectroscopy""@en .
wd:Q5242796 a wd:Q101352 ;
    rdfs:label ""Day""@en .
wd:Q573 a wd:Q106839753 ;
    a wd:Q1790144 ;
    a wd:Q3268848 ;
    a wd:Q82047057 ;
    rdfs:label ""day""@en .
wd:Q71536040 a wd:Q71533077 ;
    rdfs:label ""most precise value""@en .
wd:Q101352 rdfs:label ""family name""@en .
wd:Q106839753 rdfs:label ""SI-accepted non-SI unit""@en .
wd:Q130324710 rdfs:label ""type of relation""@en .
wd:Q13442814 rdfs:label ""scholarly article""@en .
wd:Q137361066 rdfs:label ""subjective expression of frequency""@en .
wd:Q1790144 rdfs:label ""unit of time""@en .
wd:Q19798642 rdfs:label ""Wikibase value""@en .
wd:Q3268848 rdfs:label ""non-SI unit mentioned in and accepted with the SI""@en .
wd:Q5374249 rdfs:label ""relative frequency""@en .
wd:Q5398426 rdfs:label ""television series""@en .
wd:Q71533077 rdfs:label ""Wikibase reason for preferred rank""@en .
wd:Q82047057 rdfs:label ""UCUM derived unit""@en .
wd:Q3406134 a wd:Q2245405 ;
    rdfs:label ""date of establishment""@en ;
    kg:beOn wd:Q1190554 ;
    kg:call wd:Q139724261 ;
    kg:call wd:Q573 ;
    kg:celebrate wd:Q19057770 ;
    kg:celebrate wd:Q28962312 ;
    kg:celebrate wd:Q518155 ;
    kg:take wd:Q43229 .

wd:Q1190554 a wd:Q108586636 ;
    rdfs:label ""occurrence""@en .
wd:Q139724261 a wd:Q571 ;
    rdfs:label ""National Days""@en .
wd:Q19057770 a wd:Q21191270 ;
    rdfs:label ""Anniversaries""@en .
wd:Q28962312 a wd:Q137361066 ;
    a wd:Q19798642 ;
    a wd:Q5374249 ;
    rdfs:label ""often""@en .
wd:Q43229 a wd:Q134602570 ;
    a wd:Q151885 ;
    a wd:Q96116695 ;
    rdfs:label ""organization""@en .
wd:Q518155 a wd:Q1752939 ;
    a wd:Q2122214 ;
    rdfs:label ""National Archives and Records Administration""@en .
wd:Q573 a wd:Q106839753 ;
    a wd:Q1790144 ;
    a wd:Q3268848 ;
    a wd:Q82047057 ;
    rdfs:label ""day""@en .
wd:Q106839753 rdfs:label ""SI-accepted non-SI unit""@en .
wd:Q108586636 rdfs:label ""form of event""@en .
wd:Q134602570 rdfs:label ""class of being""@en .
wd:Q137361066 rdfs:label ""subjective expression of frequency""@en .
wd:Q151885 rdfs:label ""concept""@en .
wd:Q1752939 rdfs:label ""independent agency of the United States government""@en .
wd:Q1790144 rdfs:label ""unit of time""@en .
wd:Q19798642 rdfs:label ""Wikibase value""@en .
wd:Q21191270 rdfs:label ""television series episode""@en .
wd:Q2122214 rdfs:label ""national archives""@en .
wd:Q2245405 rdfs:label ""key event""@en .
wd:Q3268848 rdfs:label ""non-SI unit mentioned in and accepted with the SI""@en .
wd:Q5374249 rdfs:label ""relative frequency""@en .
wd:Q571 rdfs:label ""book""@en .
wd:Q82047057 rdfs:label ""UCUM derived unit""@en .
wd:Q96116695 rdfs:label ""type of system""@en .
","[[""calendar date"", ""be"", ""reference""], [""calendar date"", ""be"", ""Unambiguously distinguishing Si[3Si,1Al] and Si[3Si,1OH] stuctural units in zeolite by 1H/29Si/27Al triple resonance solid state NMR spectroscopy""], [""calendar date"", ""beTo"", ""Day""], [""calendar date"", ""enable"", ""most precise value""], [""calendar date"", ""perform"", ""day""], [""calendar date"", ""perform"", ""often""], [""calendar date"", ""performBetween"", ""Dates""], [""date of establishment"", ""beOn"", ""occurrence""], [""date of establishment"", ""call"", ""day""], [""date of establishment"", ""call"", ""National Days""], [""date of establishment"", ""celebrate"", ""Anniversaries""], [""date of establishment"", ""celebrate"", ""National Archives and Records Administration""], [""date of establishment"", ""celebrate"", ""often""], [""date of establishment"", ""take"", ""organization""]]"
Spring,"A spring is a natural exit point at which groundwater emerges from an aquifer and flows across the ground surface as surface water. It is a component of the hydrosphere, as well as a part of the water cycle. The surname Spring is shared by: Amos Spring, English cricketer Antoine Frédéric Spring, Belgian physician and botanist Arthur Spring, Irish Labour Party politician Bryan Spring, British jazz drummer Charles A. Spring, American merchant and religious leader Christopher Spring, Canadian bobsledder Cecil Spring Rice, British diplomat Dick Spring, Irish businessman and politician Diel Spring, Saint Vincent and the Grenadines footballer Dryden Spring, New Zealand businessman George E.","@prefix rdfs: <http://www.w3.org/2000/01/rdf-schema#> .
@prefix wd: <http://www.wikidata.org/entity/> .
@prefix kg: <https://example.org/wikidata-description/> .

wd:Q124714 rdfs:label ""spring""@en ;
    kg:be wd:Q11442 ;
    kg:be wd:Q11653 ;
    kg:be wd:Q21199 ;
    kg:be wd:Q4 ;
    kg:be wd:Q81041 ;
    kg:beAt wd:Q161598 ;
    kg:beOf wd:Q83169 ;
    kg:emergeFrom wd:Q208791 ;
    kg:flowAcross wd:Q36133 ;
    kg:flowAcross wd:Q37497814 ;
    kg:flowAs wd:Q283 .

wd:Q11442 a wd:Q109734237 ;
    a wd:Q140424465 ;
    a wd:Q334166 ;
    rdfs:label ""bicycle""@en .
wd:Q11653 a wd:Q63981612 ;
    rdfs:label ""electronic component""@en .
wd:Q161598 rdfs:label ""groundwater""@en .
wd:Q208791 rdfs:label ""aquifer""@en .
wd:Q21199 a wd:Q66786238 ;
    a wd:Q77358734 ;
    rdfs:label ""natural number""@en .
wd:Q283 a wd:Q113145171 ;
    rdfs:label ""water""@en .
wd:Q36133 rdfs:label ""soil""@en .
wd:Q37497814 a wd:Q101352 ;
    rdfs:label ""Surface""@en .
wd:Q4 a wd:Q108586636 ;
    a wd:Q12769393 ;
    a wd:Q151885 ;
    a wd:Q937228 ;
    rdfs:label ""death""@en .
wd:Q81041 rdfs:label ""water cycle""@en .
wd:Q83169 a wd:Q241284 ;
    a wd:Q2627400 ;
    rdfs:label ""hydrosphere""@en .
wd:Q101352 rdfs:label ""family name""@en .
wd:Q108586636 rdfs:label ""form of event""@en .
wd:Q109734237 rdfs:label ""individual means of transport""@en .
wd:Q113145171 rdfs:label ""type of chemical entity""@en .
wd:Q12769393 rdfs:label ""end""@en .
wd:Q140424465 rdfs:label ""type of vehicle""@en .
wd:Q151885 rdfs:label ""concept""@en .
wd:Q241284 rdfs:label ""geosphere""@en .
wd:Q2627400 rdfs:label ""geographic envelope""@en .
wd:Q334166 rdfs:label ""mode of transport""@en .
wd:Q63981612 rdfs:label ""product category""@en .
wd:Q66786238 rdfs:label ""mathematical term""@en .
wd:Q77358734 rdfs:label ""type of integer""@en .
wd:Q937228 rdfs:label ""property""@en .
wd:Q37562822 a wd:Q101352 ;
    rdfs:label ""Spring""@en ;
    kg:share wd:Q12299841 ;
    kg:share wd:Q15235674 ;
    kg:share wd:Q17100343 ;
    kg:share wd:Q17539276 ;
    kg:share wd:Q1778168 ;
    kg:share wd:Q1860 ;
    kg:share wd:Q1931347 ;
    kg:share wd:Q2374149 ;
    kg:share wd:Q2958359 ;
    kg:share wd:Q386854 ;
    kg:share wd:Q39631 ;
    kg:share wd:Q64007131 ;
    kg:share wd:Q695556 ;
    kg:share wd:Q82955 ;
    kg:share wd:Q8341 ;
    kg:share wd:Q9309 ;
    kg:shareBy wd:Q18216060 ;
    kg:spring wd:Q100968560 ;
    kg:spring wd:Q1084472 ;
    kg:spring wd:Q13383011 ;
    kg:spring wd:Q15731759 ;
    kg:spring wd:Q15752348 ;
    kg:spring wd:Q214946 ;
    kg:spring wd:Q215536 ;
    kg:spring wd:Q2566598 ;
    kg:spring wd:Q356460 ;
    kg:spring wd:Q5309675 ;
    kg:spring wd:Q66087675 ;
    kg:spring wd:Q664 ;
    kg:spring wd:Q757 ;
    kg:spring wd:Q871232 .

wd:Q100968560 a wd:Q19389637 ;
    rdfs:label ""Spring-Rice, Hon. Mary Ellen""@en .
wd:Q1084472 a wd:Q12308941 ;
    rdfs:label ""Christopher""@en .
wd:Q12299841 a wd:Q28640 ;
    rdfs:label ""cricketer""@en .
wd:Q13383011 a wd:Q28640 ;
    rdfs:label ""bobsledder""@en .
wd:Q15235674 a wd:Q12308941 ;
    rdfs:label ""Antoine""@en .
wd:Q15731759 a wd:Q12308941 ;
    rdfs:label ""Cecil""@en .
wd:Q15752348 a wd:Q16024164 ;
    a wd:Q5253501 ;
    a wd:Q5633421 ;
    rdfs:label ""Canadian Journal of Public Health""@en .
wd:Q17100343 a wd:Q35127 ;
    rdfs:label ""Irish Statute Book""@en .
wd:Q17539276 a wd:Q12308941 ;
    rdfs:label ""Frédéric""@en .
wd:Q1778168 a wd:Q12308941 ;
    rdfs:label ""Arthur""@en .
wd:Q18216060 a wd:Q12308941 ;
    rdfs:label ""Amos""@en .
wd:Q1860 a wd:Q1097949 ;
    a wd:Q1288568 ;
    a wd:Q152559 ;
    a wd:Q20162172 ;
    a wd:Q33742 ;
    a wd:Q34770 ;
    a wd:Q399495 ;
    rdfs:label ""English""@en .
wd:Q1931347 a wd:Q482994 ;
    rdfs:label ""Party""@en .
wd:Q214946 a wd:Q5 ;
    rdfs:label ""George Engelmann""@en .
wd:Q215536 a wd:Q12737077 ;
    a wd:Q187588 ;
    a wd:Q28640 ;
    rdfs:label ""merchant""@en .
wd:Q2374149 a wd:Q28640 ;
    rdfs:label ""botanist""@en .
wd:Q2566598 a wd:Q24034076 ;
    a wd:Q63188683 ;
    rdfs:label ""religious""@en .
wd:Q2958359 a wd:Q12308941 ;
    rdfs:label ""Charles""@en .
wd:Q356460 a wd:Q5 ;
    rdfs:label ""Dick Spring""@en .
wd:Q386854 a wd:Q12737077 ;
    a wd:Q66715801 ;
    rdfs:label ""drummer""@en .
wd:Q39631 a wd:Q108300140 ;
    a wd:Q122754124 ;
    a wd:Q12737077 ;
    a wd:Q3922583 ;
    a wd:Q4164871 ;
    a wd:Q66811410 ;
    rdfs:label ""physician""@en .
wd:Q5309675 a wd:Q5 ;
    rdfs:label ""Dryden Spring""@en .
wd:Q64007131 a wd:Q4117139 ;
    rdfs:label ""Belgian Species List""@en .
wd:Q66087675 a wd:Q5 ;
    rdfs:label ""Diel Spring""@en .
wd:Q664 a wd:Q112099 ;
    a wd:Q1351282 ;
    a wd:Q202686 ;
    a wd:Q223832 ;
    a wd:Q3624078 ;
    a wd:Q6256 ;
    rdfs:label ""New Zealand""@en .
wd:Q695556 a wd:Q1093829 ;
    a wd:Q62049 ;
    rdfs:label ""Bryan""@en .
wd:Q757 a wd:Q112099 ;
    a wd:Q11815167 ;
    a wd:Q202686 ;
    a wd:Q3624078 ;
    a wd:Q6256 ;
    rdfs:label ""Saint Vincent and the Grenadines""@en .
wd:Q82955 a wd:Q28640 ;
    rdfs:label ""politician""@en .
wd:Q8341 a wd:Q188451 ;
    a wd:Q627436 ;
    rdfs:label ""jazz""@en .
wd:Q871232 a wd:Q4894405 ;
    rdfs:label ""editorial""@en .
wd:Q9309 a wd:Q1288568 ;
    a wd:Q33742 ;
    rdfs:label ""Welsh""@en .
wd:Q101352 rdfs:label ""family name""@en .
wd:Q108300140 rdfs:label ""occupation group according to ISCO-08""@en .
wd:Q1093829 rdfs:label ""city in the United States""@en .
wd:Q1097949 rdfs:label ""literary language""@en .
wd:Q112099 rdfs:label ""island country""@en .
wd:Q11815167 rdfs:label ""archipelagic state""@en .
wd:Q122754124 rdfs:label ""ambiguous Wikidata item""@en .
wd:Q12308941 rdfs:label ""male given name""@en .
wd:Q12737077 rdfs:label ""occupation""@en .
wd:Q1288568 rdfs:label ""modern language""@en .
wd:Q1351282 rdfs:label ""crown colony""@en .
wd:Q152559 rdfs:label ""macrolanguage""@en .
wd:Q16024164 rdfs:label ""medical journal""@en .
wd:Q187588 rdfs:label ""social class""@en .
wd:Q188451 rdfs:label ""music genre""@en .
wd:Q19389637 rdfs:label ""biographical article""@en .
wd:Q20162172 rdfs:label ""human language""@en .
wd:Q202686 rdfs:label ""Commonwealth realm""@en .
wd:Q223832 rdfs:label ""dominion of the British Empire""@en .
wd:Q24034076 rdfs:label ""way of life""@en .
wd:Q28640 rdfs:label ""profession""@en .
wd:Q33742 rdfs:label ""natural language""@en .
wd:Q34770 rdfs:label ""language""@en .
wd:Q35127 rdfs:label ""website""@en .
wd:Q3624078 rdfs:label ""sovereign state""@en .
wd:Q3922583 rdfs:label ""health profession""@en .
wd:Q399495 rdfs:label ""standard language""@en .
wd:Q4117139 rdfs:label ""biological database""@en .
wd:Q4164871 rdfs:label ""position""@en .
wd:Q482994 rdfs:label ""album""@en .
wd:Q4894405 rdfs:label ""journalism genre""@en .
wd:Q5 rdfs:label ""human""@en .
wd:Q5253501 rdfs:label ""delayed open access journal""@en .
wd:Q5633421 rdfs:label ""scientific journal""@en .
wd:Q62049 rdfs:label ""county seat""@en .
wd:Q6256 rdfs:label ""country""@en .
wd:Q627436 rdfs:label ""field of work""@en .
wd:Q63188683 rdfs:label ""Christian religious occupation""@en .
wd:Q66715801 rdfs:label ""musical profession""@en .
wd:Q66811410 rdfs:label ""medical profession""@en .
","[[""spring"", ""be"", ""bicycle""], [""spring"", ""be"", ""death""], [""spring"", ""be"", ""electronic component""], [""spring"", ""be"", ""natural number""], [""spring"", ""be"", ""water cycle""], [""spring"", ""beAt"", ""groundwater""], [""spring"", ""beOf"", ""hydrosphere""], [""spring"", ""emergeFrom"", ""aquifer""], [""spring"", ""flowAcross"", ""soil""], [""spring"", ""flowAcross"", ""Surface""], [""spring"", ""flowAs"", ""water""], [""Spring"", ""share"", ""Antoine""], [""Spring"", ""share"", ""Arthur""], [""Spring"", ""share"", ""Belgian Species List""], [""Spring"", ""share"", ""botanist""], [""Spring"", ""share"", ""Bryan""], [""Spring"", ""share"", ""Charles""], [""Spring"", ""share"", ""cricketer""], [""Spring"", ""share"", ""drummer""], [""Spring"", ""share"", ""English""], [""Spring"", ""share"", ""Frédéric""], [""Spring"", ""share"", ""Irish Statute Book""], [""Spring"", ""share"", ""jazz""], [""Spring"", ""share"", ""Party""], [""Spring"", ""share"", ""physician""], [""Spring"", ""share"", ""politician""], [""Spring"", ""share"", ""Welsh""], [""Spring"", ""shareBy"", ""Amos""], [""Spring"", ""spring"", ""bobsledder""], [""Spring"", ""spring"", ""Canadian Journal of Public Health""], [""Spring"", ""spring"", ""Cecil""], [""Spring"", ""spring"", ""Christopher""], [""Spring"", ""spring"", ""Dick Spring""], [""Spring"", ""spring"", ""Diel Spring""], [""Spring"", ""spring"", ""Dryden Spring""], [""Spring"", ""spring"", ""editorial""], [""Spring"", ""spring"", ""George Engelmann""], [""Spring"", ""spring"", ""merchant""], [""Spring"", ""spring"", ""New Zealand""], [""Spring"", ""spring"", ""religious""], [""Spring"", ""spring"", ""Saint Vincent and the Grenadines""], [""Spring"", ""spring"", ""Spring-Rice, Hon. Mary Ellen""]]"
Turkey,"Turkey, officially the Republic of Türkiye, is a country mainly located in Anatolia in West Asia, with a smaller part called East Thrace in Southeast Europe. It borders the Black Sea to the north; Georgia, Armenia, Azerbaijan, and Iran to the east; Iraq, Syria, and the Mediterranean Sea to the south; and the Aegean Sea, Greece, and Bulgaria to the west. UTC+03:00 is an identifier for a time offset from UTC of +03:00. In areas using this time offset, the time is three hours ahead of the Coordinated Universal Time.","@prefix rdfs: <http://www.w3.org/2000/01/rdf-schema#> .
@prefix wd: <http://www.wikidata.org/entity/> .
@prefix kg: <https://example.org/wikidata-description/> .

wd:Q43 a wd:Q127693126 ;
    a wd:Q1323642 ;
    a wd:Q339834 ;
    a wd:Q3624078 ;
    a wd:Q51576574 ;
    a wd:Q619610 ;
    a wd:Q6256 ;
    a wd:Q859563 ;
    rdfs:label ""Turkey""@en ;
    kg:be wd:Q83440 ;
    kg:border wd:Q11708 ;
    kg:border wd:Q1428 ;
    kg:border wd:Q219 ;
    kg:border wd:Q227 ;
    kg:border wd:Q2662465 ;
    kg:border wd:Q34575 ;
    kg:border wd:Q380580 ;
    kg:border wd:Q399 ;
    kg:border wd:Q41 ;
    kg:border wd:Q4918 ;
    kg:border wd:Q667 ;
    kg:border wd:Q794 ;
    kg:border wd:Q796 ;
    kg:border wd:Q858 ;
    kg:borderTo wd:Q11790733 ;
    kg:call wd:Q41741 ;
    kg:call wd:Q684 ;
    kg:callIn wd:Q263686 ;
    kg:callIn wd:Q5412157 ;
    kg:callIn wd:Q6452640 ;
    kg:locateIn wd:Q20678374 ;
    kg:locateIn wd:Q2564123 ;
    kg:locateIn wd:Q48 .

wd:Q11708 a wd:Q82794 ;
    rdfs:label ""Southeast Asia""@en .
wd:Q11790733 a wd:Q101352 ;
    rdfs:label ""North""@en .
wd:Q1428 a wd:Q35657 ;
    rdfs:label ""Georgia""@en .
wd:Q20678374 a wd:Q11879590 ;
    rdfs:label ""Anatolia""@en .
wd:Q219 a wd:Q179164 ;
    a wd:Q3624078 ;
    a wd:Q6256 ;
    rdfs:label ""Bulgaria""@en .
wd:Q227 a wd:Q123480 ;
    a wd:Q3624078 ;
    a wd:Q6256 ;
    rdfs:label ""Azerbaijan""@en .
wd:Q2564123 a wd:Q101352 ;
    rdfs:label ""West""@en .
wd:Q263686 a wd:Q3502482 ;
    a wd:Q82794 ;
    rdfs:label ""Southeastern Europe""@en .
wd:Q2662465 a wd:Q101352 ;
    rdfs:label ""Black""@en .
wd:Q34575 a wd:Q165 ;
    a wd:Q166620 ;
    rdfs:label ""Aegean Sea""@en .
wd:Q380580 a wd:Q46970 ;
    a wd:Q891723 ;
    rdfs:label ""Aegean Airlines""@en .
wd:Q399 a wd:Q123480 ;
    a wd:Q3624078 ;
    a wd:Q6256 ;
    rdfs:label ""Armenia""@en .
wd:Q41 a wd:Q179164 ;
    a wd:Q3624078 ;
    a wd:Q4209223 ;
    a wd:Q51576574 ;
    a wd:Q619610 ;
    a wd:Q6256 ;
    a wd:Q7275 ;
    rdfs:label ""Greece""@en .
wd:Q41741 a wd:Q1620908 ;
    a wd:Q28171280 ;
    a wd:Q6266 ;
    rdfs:label ""Thrace""@en .
wd:Q48 a wd:Q2418896 ;
    a wd:Q5107 ;
    a wd:Q82794 ;
    rdfs:label ""Asia""@en .
wd:Q4918 a wd:Q166620 ;
    a wd:Q1973404 ;
    rdfs:label ""Mediterranean Sea""@en .
wd:Q5412157 a wd:Q1789476 ;
    a wd:Q1916557 ;
    a wd:Q4117139 ;
    a wd:Q7096323 ;
    rdfs:label ""Europe PubMed Central""@en .
wd:Q6452640 a wd:Q10351538 ;
    a wd:Q11114344 ;
    rdfs:label ""southeast""@en .
wd:Q667 a wd:Q11114344 ;
    a wd:Q23718 ;
    rdfs:label ""south""@en .
wd:Q684 a wd:Q11114344 ;
    a wd:Q23718 ;
    rdfs:label ""east""@en .
wd:Q794 a wd:Q127693126 ;
    a wd:Q3624078 ;
    a wd:Q6256 ;
    rdfs:label ""Iran""@en .
wd:Q796 a wd:Q3624078 ;
    a wd:Q6256 ;
    rdfs:label ""Iraq""@en .
wd:Q83440 a wd:Q188451 ;
    a wd:Q589183 ;
    rdfs:label ""country music""@en .
wd:Q858 a wd:Q133156 ;
    a wd:Q3624078 ;
    a wd:Q51576574 ;
    a wd:Q6256 ;
    rdfs:label ""Syria""@en .
wd:Q101352 rdfs:label ""family name""@en .
wd:Q10351538 rdfs:label ""intercardinal direction""@en .
wd:Q11114344 rdfs:label ""points of the compass""@en .
wd:Q11879590 rdfs:label ""female given name""@en .
wd:Q123480 rdfs:label ""landlocked country""@en .
wd:Q127693126 rdfs:label ""successor state""@en .
wd:Q1323642 rdfs:label ""transcontinental country""@en .
wd:Q133156 rdfs:label ""colony""@en .
wd:Q1620908 rdfs:label ""historical region""@en .
wd:Q165 rdfs:label ""sea""@en .
wd:Q166620 rdfs:label ""drainage basin""@en .
wd:Q1789476 rdfs:label ""bibliographic database""@en .
wd:Q179164 rdfs:label ""unitary state""@en .
wd:Q188451 rdfs:label ""music genre""@en .
wd:Q1916557 rdfs:label ""medical database""@en .
wd:Q1973404 rdfs:label ""adjacent sea""@en .
wd:Q23718 rdfs:label ""cardinal direction""@en .
wd:Q2418896 rdfs:label ""part of the world""@en .
wd:Q28171280 rdfs:label ""ancient civilization""@en .
wd:Q339834 rdfs:label ""regional power""@en .
wd:Q3502482 rdfs:label ""cultural region""@en .
wd:Q35657 rdfs:label ""U.S. state""@en .
wd:Q3624078 rdfs:label ""sovereign state""@en .
wd:Q4117139 rdfs:label ""biological database""@en .
wd:Q4209223 rdfs:label ""Rechtsstaat""@en .
wd:Q46970 rdfs:label ""airline""@en .
wd:Q5107 rdfs:label ""continent""@en .
wd:Q51576574 rdfs:label ""Mediterranean country""@en .
wd:Q589183 rdfs:label ""radio format""@en .
wd:Q619610 rdfs:label ""social state""@en .
wd:Q6256 rdfs:label ""country""@en .
wd:Q6266 rdfs:label ""nation""@en .
wd:Q7096323 rdfs:label ""open-access repository""@en .
wd:Q7275 rdfs:label ""state""@en .
wd:Q82794 rdfs:label ""region""@en .
wd:Q859563 rdfs:label ""secular state""@en .
wd:Q891723 rdfs:label ""public company""@en .
wd:Q6760 a wd:Q17272482 ;
    rdfs:label ""UTC+03:00""@en ;
    kg:be wd:Q25235 ;
    kg:be wd:Q853614 ;
    kg:beFor wd:Q43297 ;
    kg:beOf wd:Q1536 ;
    kg:beOf wd:Q38903 ;
    kg:offsetFrom wd:Q971843 .

wd:Q1536 a wd:Q12143 ;
    a wd:Q6313217 ;
    rdfs:label ""UTC""@en .
wd:Q25235 a wd:Q106839753 ;
    a wd:Q1790144 ;
    a wd:Q3268848 ;
    a wd:Q82047057 ;
    rdfs:label ""hour""@en .
wd:Q38903 a wd:Q116453729 ;
    a wd:Q1660312 ;
    a wd:Q2442401 ;
    a wd:Q891723 ;
    rdfs:label ""Universal Music Group""@en .
wd:Q43297 a wd:Q1684600 ;
    a wd:Q41298 ;
    a wd:Q847906 ;
    rdfs:label ""Time""@en .
wd:Q853614 rdfs:label ""identifier""@en .
wd:Q971843 a wd:Q476028 ;
    rdfs:label ""Cultural and Sports Club Technical University of Cajamarca""@en .
wd:Q106839753 rdfs:label ""SI-accepted non-SI unit""@en .
wd:Q116453729 rdfs:label ""record label group""@en .
wd:Q12143 rdfs:label ""time zone""@en .
wd:Q1660312 rdfs:label ""major label""@en .
wd:Q1684600 rdfs:label ""news magazine""@en .
wd:Q17272482 rdfs:label ""time zone named for a UTC offset""@en .
wd:Q1790144 rdfs:label ""unit of time""@en .
wd:Q2442401 rdfs:label ""record company""@en .
wd:Q3268848 rdfs:label ""non-SI unit mentioned in and accepted with the SI""@en .
wd:Q41298 rdfs:label ""magazine""@en .
wd:Q476028 rdfs:label ""association football club""@en .
wd:Q6313217 rdfs:label ""time standard""@en .
wd:Q82047057 rdfs:label ""UCUM derived unit""@en .
wd:Q847906 rdfs:label ""online magazine""@en .
wd:Q891723 rdfs:label ""public company""@en .
","[[""Turkey"", ""be"", ""country music""], [""Turkey"", ""border"", ""Aegean Airlines""], [""Turkey"", ""border"", ""Aegean Sea""], [""Turkey"", ""border"", ""Armenia""], [""Turkey"", ""border"", ""Azerbaijan""], [""Turkey"", ""border"", ""Black""], [""Turkey"", ""border"", ""Bulgaria""], [""Turkey"", ""border"", ""Georgia""], [""Turkey"", ""border"", ""Greece""], [""Turkey"", ""border"", ""Iran""], [""Turkey"", ""border"", ""Iraq""], [""Turkey"", ""border"", ""Mediterranean Sea""], [""Turkey"", ""border"", ""south""], [""Turkey"", ""border"", ""Southeast Asia""], [""Turkey"", ""border"", ""Syria""], [""Turkey"", ""borderTo"", ""North""], [""Turkey"", ""call"", ""east""], [""Turkey"", ""call"", ""Thrace""], [""Turkey"", ""callIn"", ""Europe PubMed Central""], [""Turkey"", ""callIn"", ""southeast""], [""Turkey"", ""callIn"", ""Southeastern Europe""], [""Turkey"", ""locateIn"", ""Anatolia""], [""Turkey"", ""locateIn"", ""Asia""], [""Turkey"", ""locateIn"", ""West""], [""UTC+03:00"", ""be"", ""hour""], [""UTC+03:00"", ""be"", ""identifier""], [""UTC+03:00"", ""beFor"", ""Time""], [""UTC+03:00"", ""beOf"", ""Universal Music Group""], [""UTC+03:00"", ""beOf"", ""UTC""], [""UTC+03:00"", ""offsetFrom"", ""Cultural and Sports Club Technical University of Cajamarca""]]"
Phoenix,"Phoenix is the capital and most populous city of the U.S. state of Arizona. Phoenix is a minor constellation in the southern sky. Named after the mythical phoenix, it was first depicted on a celestial atlas by Johann Bayer in his 1603 Uranometria.","@prefix rdfs: <http://www.w3.org/2000/01/rdf-schema#> .
@prefix wd: <http://www.wikidata.org/entity/> .
@prefix kg: <https://example.org/wikidata-description/> .

wd:Q16556 a wd:Q138164278 ;
    a wd:Q1549591 ;
    a wd:Q62049 ;
    rdfs:label ""Phoenix""@en ;
    kg:be wd:Q1082849 ;
    kg:be wd:Q515 .

wd:Q1082849 a wd:Q4387609 ;
    rdfs:label ""Populous""@en .
wd:Q515 a wd:Q98966309 ;
    rdfs:label ""city""@en .
wd:Q138164278 rdfs:label ""city in Arizona""@en .
wd:Q1549591 rdfs:label ""big city""@en .
wd:Q4387609 rdfs:label ""architectural firm""@en .
wd:Q62049 rdfs:label ""county seat""@en .
wd:Q98966309 rdfs:label ""classification of human settlements""@en .
wd:Q10441 a wd:Q8928 ;
    rdfs:label ""Phoenix""@en ;
    kg:be wd:Q16877187 ;
    kg:be wd:Q4637694 ;
    kg:beIn wd:Q10542 ;
    kg:beIn wd:Q527 ;
    kg:beIn wd:Q5631174 ;
    kg:depictBy wd:Q11122389 ;
    kg:depictBy wd:Q152051 ;
    kg:depictIn wd:Q12681523 ;
    kg:depictIn wd:Q609895 ;
    kg:depictOn wd:Q112786753 ;
    kg:depictOn wd:Q299002 ;
    kg:depictOn wd:Q523 ;
    kg:nameAfter wd:Q4271324 .

wd:Q10542 a wd:Q8928 ;
    rdfs:label ""Crux""@en .
wd:Q11122389 a wd:Q12308941 ;
    rdfs:label ""Johann""@en .
wd:Q112786753 a wd:Q35127 ;
    rdfs:label ""Celestial Atlas""@en .
wd:Q12681523 a wd:Q13366129 ;
    a wd:Q16317911 ;
    a wd:Q50707 ;
    rdfs:label ""1603""@en .
wd:Q152051 a wd:Q19644607 ;
    a wd:Q4830453 ;
    a wd:Q6881511 ;
    a wd:Q891723 ;
    rdfs:label ""Bayer""@en .
wd:Q16877187 a wd:Q101352 ;
    rdfs:label ""Minor""@en .
wd:Q299002 a wd:Q101965 ;
    a wd:Q27704723 ;
    rdfs:label ""ATLAS experiment""@en .
wd:Q4271324 a wd:Q112265308 ;
    rdfs:label ""mythical character""@en .
wd:Q4637694 a wd:Q617378 ;
    rdfs:label ""ConStellation""@en .
wd:Q523 a wd:Q17444909 ;
    rdfs:label ""star""@en .
wd:Q527 a wd:Q107 ;
    rdfs:label ""sky""@en .
wd:Q5631174 a wd:Q202527 ;
    a wd:Q973740 ;
    rdfs:label ""HMSAS Parktown""@en .
wd:Q609895 a wd:Q11025270 ;
    rdfs:label ""Uranometria""@en .
wd:Q101352 rdfs:label ""family name""@en .
wd:Q101965 rdfs:label ""experiment""@en .
wd:Q107 rdfs:label ""space""@en .
wd:Q11025270 rdfs:label ""star atlas""@en .
wd:Q112265308 rdfs:label ""type of fictional character""@en .
wd:Q12308941 rdfs:label ""male given name""@en .
wd:Q13366129 rdfs:label ""odd number""@en .
wd:Q16317911 rdfs:label ""positive integer""@en .
wd:Q17444909 rdfs:label ""astronomical object type""@en .
wd:Q19644607 rdfs:label ""pharmaceutical company""@en .
wd:Q202527 rdfs:label ""minesweeper""@en .
wd:Q27704723 rdfs:label ""particle physics experiment""@en .
wd:Q35127 rdfs:label ""website""@en .
wd:Q4830453 rdfs:label ""business""@en .
wd:Q50707 rdfs:label ""composite number""@en .
wd:Q617378 rdfs:label ""Worldcon""@en .
wd:Q6881511 rdfs:label ""enterprise""@en .
wd:Q891723 rdfs:label ""public company""@en .
wd:Q8928 rdfs:label ""constellation""@en .
wd:Q973740 rdfs:label ""whaler""@en .
","[[""Phoenix"", ""be"", ""city""], [""Phoenix"", ""be"", ""ConStellation""], [""Phoenix"", ""be"", ""Minor""], [""Phoenix"", ""be"", ""Populous""], [""Phoenix"", ""beIn"", ""Crux""], [""Phoenix"", ""beIn"", ""HMSAS Parktown""], [""Phoenix"", ""beIn"", ""sky""], [""Phoenix"", ""depictBy"", ""Bayer""], [""Phoenix"", ""depictBy"", ""Johann""], [""Phoenix"", ""depictIn"", ""1603""], [""Phoenix"", ""depictIn"", ""Uranometria""], [""Phoenix"", ""depictOn"", ""ATLAS experiment""], [""Phoenix"", ""depictOn"", ""Celestial Atlas""], [""Phoenix"", ""depictOn"", ""star""], [""Phoenix"", ""nameAfter"", ""mythical character""]]"
Delta,"Delta is an Old World genus of potter wasps with species predominantly distributed through tropical Africa and Asia. Some species are present in the Palearctic region, and a few have been introduced in the Nearctic and Neotropical regions. Delta Air Lines, Inc. is a major airline in the United States headquartered in Atlanta, Georgia, operating nine hubs, with Hartsfield–Jackson Atlanta International Airport being its largest in terms of total passengers and number of departures.","@prefix rdfs: <http://www.w3.org/2000/01/rdf-schema#> .
@prefix wd: <http://www.wikidata.org/entity/> .
@prefix kg: <https://example.org/wikidata-description/> .

wd:Q2082751 a wd:Q16521 ;
    rdfs:label ""Delta""@en ;
    kg:be wd:Q34740 ;
    kg:be wd:Q811652 ;
    kg:beIn wd:Q106447 ;
    kg:beIn wd:Q82794 ;
    kg:beOf wd:Q2106585 ;
    kg:beOf wd:Q9458574 ;
    kg:beWith wd:Q7432 ;
    kg:distributeThrough wd:Q15 ;
    kg:distributeThrough wd:Q22909492 ;
    kg:distributeThrough wd:Q48 ;
    kg:introduceIn wd:Q217151 ;
    kg:introduceIn wd:Q429976 ;
    kg:introduceIn wd:Q737742 .

wd:Q106447 a wd:Q944816 ;
    rdfs:label ""Palearctic realm""@en .
wd:Q15 a wd:Q2221906 ;
    a wd:Q5107 ;
    a wd:Q82794 ;
    rdfs:label ""Africa""@en .
wd:Q2106585 a wd:Q101352 ;
    a wd:Q829026 ;
    rdfs:label ""Potter""@en .
wd:Q217151 a wd:Q134393553 ;
    a wd:Q137186904 ;
    a wd:Q944816 ;
    rdfs:label ""Neotropical realm""@en .
wd:Q22909492 a wd:Q169930 ;
    rdfs:label ""Tropical""@en .
wd:Q34740 a wd:Q13578154 ;
    a wd:Q3100180 ;
    a wd:Q427626 ;
    rdfs:label ""genus""@en .
wd:Q429976 rdfs:label ""phytochorion""@en .
wd:Q48 a wd:Q2418896 ;
    a wd:Q5107 ;
    a wd:Q82794 ;
    rdfs:label ""Asia""@en .
wd:Q737742 a wd:Q944816 ;
    rdfs:label ""Nearctic realm""@en .
wd:Q7432 a wd:Q13578154 ;
    a wd:Q3100180 ;
    a wd:Q427626 ;
    rdfs:label ""species""@en .
wd:Q811652 a wd:Q16521 ;
    rdfs:label ""Helicoverpa armigera""@en .
wd:Q82794 a wd:Q137022846 ;
    rdfs:label ""region""@en .
wd:Q9458574 a wd:Q55983715 ;
    rdfs:label ""wasps""@en .
wd:Q101352 rdfs:label ""family name""@en .
wd:Q134393553 rdfs:label ""floristic kingdom""@en .
wd:Q13578154 rdfs:label ""rank in zoology""@en .
wd:Q137022846 rdfs:label ""type of region""@en .
wd:Q137186904 rdfs:label ""transcontinental region""@en .
wd:Q16521 rdfs:label ""taxon""@en .
wd:Q169930 rdfs:label ""extended play""@en .
wd:Q2221906 rdfs:label ""geographic location""@en .
wd:Q2418896 rdfs:label ""part of the world""@en .
wd:Q3100180 rdfs:label ""rank in botany""@en .
wd:Q427626 rdfs:label ""taxonomic rank""@en .
wd:Q5107 rdfs:label ""continent""@en .
wd:Q55983715 rdfs:label ""organisms known by a particular common name""@en .
wd:Q82794 rdfs:label ""region""@en .
wd:Q829026 rdfs:label ""occupational surname""@en .
wd:Q944816 rdfs:label ""biogeographic realm""@en .
wd:Q188920 a wd:Q46970 ;
    a wd:Q4830453 ;
    a wd:Q891723 ;
    rdfs:label ""Delta Air Lines""@en ;
    kg:be wd:Q10578722 ;
    kg:be wd:Q1259251 ;
    kg:be wd:Q46970 ;
    kg:beIn wd:Q110568202 ;
    kg:beIn wd:Q30 ;
    kg:beOf wd:Q1044598 ;
    kg:beOf wd:Q107338546 ;
    kg:beOf wd:Q154037 ;
    kg:headquarter wd:Q1428 ;
    kg:headquarterIn wd:Q23556 ;
    kg:operate wd:Q1248784 ;
    kg:operate wd:Q20996809 ;
    kg:operate wd:Q21491709 ;
    kg:operate wd:Q2732758 ;
    kg:operate wd:Q374058 ;
    kg:operate wd:Q423048 .

wd:Q1044598 a wd:Q11424 ;
    rdfs:label ""Departures""@en .
wd:Q10578722 a wd:Q104637420 ;
    a wd:Q21484471 ;
    rdfs:label ""maximum""@en .
wd:Q107338546 a wd:Q55850593 ;
    rdfs:label ""Passengers""@en .
wd:Q110568202 a wd:Q24634210 ;
    rdfs:label ""Terms""@en .
wd:Q1248784 a wd:Q136312010 ;
    rdfs:label ""airport""@en .
wd:Q1259251 a wd:Q101352 ;
    a wd:Q829026 ;
    rdfs:label ""Major""@en .
wd:Q1428 a wd:Q35657 ;
    rdfs:label ""Georgia""@en .
wd:Q20996809 a wd:Q101352 ;
    rdfs:label ""Hübsch""@en .
wd:Q21491709 a wd:Q101352 ;
    rdfs:label ""Hartsfield""@en .
wd:Q23556 a wd:Q1093829 ;
    a wd:Q1549591 ;
    a wd:Q62049 ;
    a wd:Q76514543 ;
    rdfs:label ""Atlanta""@en .
wd:Q2732758 a wd:Q101352 ;
    rdfs:label ""Jackson""@en .
wd:Q30 a wd:Q1489259 ;
    a wd:Q1520223 ;
    a wd:Q3624078 ;
    a wd:Q5035794 ;
    a wd:Q6256 ;
    a wd:Q99541706 ;
    rdfs:label ""United States""@en .
wd:Q374058 a wd:Q2338524 ;
    rdfs:label ""Atlanta Motor Speedway""@en .
wd:Q423048 a wd:Q36524 ;
    rdfs:label ""International Standard Name Identifier""@en .
wd:Q46970 rdfs:label ""airline""@en .
wd:Q101352 rdfs:label ""family name""@en .
wd:Q104637420 rdfs:label ""sourcing circumstance""@en .
wd:Q1093829 rdfs:label ""city in the United States""@en .
wd:Q11424 rdfs:label ""film""@en .
wd:Q136312010 rdfs:label ""type of aerodrome""@en .
wd:Q1489259 rdfs:label ""superpower""@en .
wd:Q14941854 rdfs:label ""oil company""@en .
wd:Q1520223 rdfs:label ""constitutional republic""@en .
wd:Q1549591 rdfs:label ""big city""@en .
wd:Q161726 rdfs:label ""multinational corporation""@en .
wd:Q21484471 rdfs:label ""Wikimedia article covering multiple topics""@en .
wd:Q2338524 rdfs:label ""motorsport racing track""@en .
wd:Q24634210 rdfs:label ""podcast show""@en .
wd:Q35657 rdfs:label ""U.S. state""@en .
wd:Q3624078 rdfs:label ""sovereign state""@en .
wd:Q36524 rdfs:label ""authority file""@en .
wd:Q46970 rdfs:label ""airline""@en .
wd:Q4830453 rdfs:label ""business""@en .
wd:Q5035794 rdfs:label ""capitalist state""@en .
wd:Q55850593 rdfs:label ""music track with vocals""@en .
wd:Q62049 rdfs:label ""county seat""@en .
wd:Q6256 rdfs:label ""country""@en .
wd:Q64027599 rdfs:label ""gas station chain""@en .
wd:Q6881511 rdfs:label ""enterprise""@en .
wd:Q76514543 rdfs:label ""municipality of Georgia""@en .
wd:Q829026 rdfs:label ""occupational surname""@en .
wd:Q891723 rdfs:label ""public company""@en .
wd:Q99541706 rdfs:label ""historical unrecognized state""@en .
","[[""Delta"", ""be"", ""genus""], [""Delta"", ""be"", ""Helicoverpa armigera""], [""Delta"", ""beIn"", ""Palearctic realm""], [""Delta"", ""beIn"", ""region""], [""Delta"", ""beOf"", ""Potter""], [""Delta"", ""beOf"", ""wasps""], [""Delta"", ""beWith"", ""species""], [""Delta"", ""distributeThrough"", ""Africa""], [""Delta"", ""distributeThrough"", ""Asia""], [""Delta"", ""distributeThrough"", ""Tropical""], [""Delta"", ""introduceIn"", ""Nearctic realm""], [""Delta"", ""introduceIn"", ""Neotropical realm""], [""Delta"", ""introduceIn"", ""phytochorion""], [""Delta Air Lines"", ""be"", ""airline""], [""Delta Air Lines"", ""be"", ""Major""], [""Delta Air Lines"", ""be"", ""maximum""], [""Delta Air Lines"", ""beIn"", ""Terms""], [""Delta Air Lines"", ""beIn"", ""United States""], [""Delta Air Lines"", ""beOf"", ""Departures""], [""Delta Air Lines"", ""beOf"", ""Passengers""], [""Delta Air Lines"", ""beOf"", ""Q154037""], [""Delta Air Lines"", ""headquarter"", ""Georgia""], [""Delta Air Lines"", ""headquarterIn"", ""Atlanta""], [""Delta Air Lines"", ""operate"", ""airport""], [""Delta Air Lines"", ""operate"", ""Atlanta Motor Speedway""], [""Delta Air Lines"", ""operate"", ""Hartsfield""], [""Delta Air Lines"", ""operate"", ""Hübsch""], [""Delta Air Lines"", ""operate"", ""International Standard Name Identifier""], [""Delta Air Lines"", ""operate"", ""Jackson""]]"
Mustang,"The North American Aviation P-51 Mustang is an American long-range, single-seat fighter and fighter-bomber used during World War II and the Korean War, among other conflicts. The Mustang was designed in 1940 by a team headed by James H. The Ford Mustang is an American automobile manufactured and marketed by Ford since 1964, as Ford's longest nameplate in continuous production. Currently in its seventh generation, it is the fifth-best selling Ford car nameplate.","@prefix rdfs: <http://www.w3.org/2000/01/rdf-schema#> .
@prefix wd: <http://www.wikidata.org/entity/> .
@prefix kg: <https://example.org/wikidata-description/> .

wd:Q192075 a wd:Q15056993 ;
    rdfs:label ""North American P-51 Mustang""@en ;
    kg:be wd:Q1199515 ;
    kg:be wd:Q1250916 ;
    kg:be wd:Q135214932 ;
    kg:be wd:Q5447839 ;
    kg:be wd:Q80183430 ;
    kg:designBy wd:Q528227 ;
    kg:designIn wd:Q18633 ;
    kg:headBy wd:Q677191 ;
    kg:use wd:Q180684 ;
    kg:useDuring wd:Q270 ;
    kg:useDuring wd:Q9176 .

wd:Q1199515 a wd:Q2312410 ;
    rdfs:label ""formula racing""@en .
wd:Q1250916 a wd:Q12737077 ;
    a wd:Q17305127 ;
    a wd:Q28640 ;
    a wd:Q32090 ;
    rdfs:label ""warrior""@en .
wd:Q135214932 a wd:Q20027953 ;
    rdfs:label ""single-seat fighter""@en .
wd:Q180684 a wd:Q116505632 ;
    a wd:Q123345464 ;
    rdfs:label ""conflict""@en .
wd:Q18633 a wd:Q19828 ;
    a wd:Q217024 ;
    a wd:Q3186692 ;
    rdfs:label ""1940""@en .
wd:Q270 a wd:Q108178728 ;
    a wd:Q1200957 ;
    a wd:Q1549591 ;
    a wd:Q1901835 ;
    a wd:Q200250 ;
    a wd:Q515 ;
    a wd:Q51929311 ;
    a wd:Q56061 ;
    a wd:Q925381 ;
    rdfs:label ""Warsaw""@en .
wd:Q528227 a wd:Q215380 ;
    rdfs:label ""TEAM""@en .
wd:Q5447839 a wd:Q7889 ;
    rdfs:label ""Fighter Bomber""@en .
wd:Q677191 a wd:Q12308941 ;
    rdfs:label ""James""@en .
wd:Q80183430 a wd:Q3305213 ;
    rdfs:label ""Long Range""@en .
wd:Q9176 a wd:Q1288568 ;
    a wd:Q33742 ;
    rdfs:label ""Korean""@en .
wd:Q108178728 rdfs:label ""national capital""@en .
wd:Q116505632 rdfs:label ""type of process""@en .
wd:Q1200957 rdfs:label ""tourist destination""@en .
wd:Q12308941 rdfs:label ""male given name""@en .
wd:Q123345464 rdfs:label ""type of interaction""@en .
wd:Q12737077 rdfs:label ""occupation""@en .
wd:Q1288568 rdfs:label ""modern language""@en .
wd:Q15056993 rdfs:label ""aircraft family""@en .
wd:Q1549591 rdfs:label ""big city""@en .
wd:Q17305127 rdfs:label ""fictional profession""@en .
wd:Q1901835 rdfs:label ""seat of government""@en .
wd:Q19828 rdfs:label ""leap year""@en .
wd:Q200250 rdfs:label ""metropolis""@en .
wd:Q20027953 rdfs:label ""aircraft functional class""@en .
wd:Q215380 rdfs:label ""musical group""@en .
wd:Q217024 rdfs:label ""leap year starting on Monday and ending on Tuesday""@en .
wd:Q2312410 rdfs:label ""sports discipline""@en .
wd:Q28640 rdfs:label ""profession""@en .
wd:Q3186692 rdfs:label ""calendar year""@en .
wd:Q32090 rdfs:label ""lifestyle""@en .
wd:Q3305213 rdfs:label ""painting""@en .
wd:Q33742 rdfs:label ""natural language""@en .
wd:Q515 rdfs:label ""city""@en .
wd:Q51929311 rdfs:label ""largest city""@en .
wd:Q56061 rdfs:label ""administrative territorial entity""@en .
wd:Q7889 rdfs:label ""video game""@en .
wd:Q925381 rdfs:label ""city with powiat rights in Poland""@en .
wd:Q183476 a wd:Q59773381 ;
    rdfs:label ""Ford Mustang""@en ;
    kg:be wd:Q10470 ;
    kg:be wd:Q125448453 ;
    kg:be wd:Q1420 ;
    kg:be wd:Q2495374 ;
    kg:be wd:Q463436 ;
    kg:be wd:Q7976 ;
    kg:marketSince wd:Q2652 ;
    kg:s wd:Q200974 ;
    kg:sIn wd:Q11398090 ;
    kg:sIn wd:Q215768 ;
    kg:sIn wd:Q2195 .

wd:Q10470 a wd:Q8928 ;
    rdfs:label ""Carina""@en .
wd:Q11398090 a wd:Q1914636 ;
    rdfs:label ""creation""@en .
wd:Q125448453 a wd:Q5 ;
    rdfs:label ""Ford Carr""@en .
wd:Q1420 a wd:Q140172580 ;
    a wd:Q140424465 ;
    rdfs:label ""car""@en .
wd:Q200974 rdfs:label ""nameplate capacity""@en .
wd:Q215768 rdfs:label ""mass production""@en .
wd:Q2195 a wd:Q14946528 ;
    a wd:Q163740 ;
    a wd:Q186157 ;
    a wd:Q21484471 ;
    a wd:Q235557 ;
    a wd:Q2755432 ;
    rdfs:label ""JPEG""@en .
wd:Q2495374 a wd:Q1115575 ;
    a wd:Q532 ;
    rdfs:label ""Selling""@en .
wd:Q2652 a wd:Q19828 ;
    a wd:Q217015 ;
    a wd:Q3186692 ;
    rdfs:label ""1964""@en .
wd:Q463436 a wd:Q163740 ;
    a wd:Q4830453 ;
    rdfs:label ""American Automobile Association""@en .
wd:Q7976 a wd:Q33384 ;
    a wd:Q33742 ;
    a wd:Q951873 ;
    rdfs:label ""American English""@en .
wd:Q1115575 rdfs:label ""civil parish""@en .
wd:Q140172580 rdfs:label ""type of machine""@en .
wd:Q140424465 rdfs:label ""type of vehicle""@en .
wd:Q14946528 rdfs:label ""conflation""@en .
wd:Q163740 rdfs:label ""nonprofit organization""@en .
wd:Q186157 rdfs:label ""filename extension""@en .
wd:Q1914636 rdfs:label ""activity""@en .
wd:Q19828 rdfs:label ""leap year""@en .
wd:Q21484471 rdfs:label ""Wikimedia article covering multiple topics""@en .
wd:Q217015 rdfs:label ""leap year starting on Wednesday and ending on Thursday""@en .
wd:Q235557 rdfs:label ""file format""@en .
wd:Q2755432 rdfs:label ""compression algorithm""@en .
wd:Q3186692 rdfs:label ""calendar year""@en .
wd:Q33384 rdfs:label ""dialect""@en .
wd:Q33742 rdfs:label ""natural language""@en .
wd:Q4830453 rdfs:label ""business""@en .
wd:Q5 rdfs:label ""human""@en .
wd:Q532 rdfs:label ""village""@en .
wd:Q59773381 rdfs:label ""automobile model series""@en .
wd:Q8928 rdfs:label ""constellation""@en .
wd:Q951873 rdfs:label ""ethnolect""@en .
","[[""Ford Mustang"", ""be"", ""American Automobile Association""], [""Ford Mustang"", ""be"", ""American English""], [""Ford Mustang"", ""be"", ""car""], [""Ford Mustang"", ""be"", ""Carina""], [""Ford Mustang"", ""be"", ""Ford Carr""], [""Ford Mustang"", ""be"", ""Selling""], [""Ford Mustang"", ""marketSince"", ""1964""], [""Ford Mustang"", ""s"", ""nameplate capacity""], [""Ford Mustang"", ""sIn"", ""creation""], [""Ford Mustang"", ""sIn"", ""JPEG""], [""Ford Mustang"", ""sIn"", ""mass production""], [""North American P-51 Mustang"", ""be"", ""Fighter Bomber""], [""North American P-51 Mustang"", ""be"", ""formula racing""], [""North American P-51 Mustang"", ""be"", ""Long Range""], [""North American P-51 Mustang"", ""be"", ""single-seat fighter""], [""North American P-51 Mustang"", ""be"", ""warrior""], [""North American P-51 Mustang"", ""designBy"", ""TEAM""], [""North American P-51 Mustang"", ""designIn"", ""1940""], [""North American P-51 Mustang"", ""headBy"", ""James""], [""North American P-51 Mustang"", ""use"", ""conflict""], [""North American P-51 Mustang"", ""useDuring"", ""Korean""], [""North American P-51 Mustang"", ""useDuring"", ""Warsaw""]]"
Shell,"Shell plc is a British multinational oil and gas company, headquartered in London, England. Shell is a public limited company with a primary listing on the London Stock Exchange and secondary listings on Euronext Amsterdam and the New York Stock Exchange. A seashell, also known simply as a shell, is a hard, protective outer layer usually created by an animal or organism that lives in the sea. Most seashells are made by mollusks, such as snails, clams, and oysters to protect their soft insides.","@prefix rdfs: <http://www.w3.org/2000/01/rdf-schema#> .
@prefix wd: <http://www.wikidata.org/entity/> .
@prefix kg: <https://example.org/wikidata-description/> .

wd:Q154950 a wd:Q14941854 ;
    a wd:Q206361 ;
    a wd:Q43229 ;
    a wd:Q4830453 ;
    a wd:Q6881511 ;
    a wd:Q891723 ;
    rdfs:label ""Shell""@en ;
    kg:be wd:Q11813450 ;
    kg:be wd:Q128300083 ;
    kg:be wd:Q161726 ;
    kg:be wd:Q174705 ;
    kg:be wd:Q180686 ;
    kg:be wd:Q33685 ;
    kg:be wd:Q3742494 ;
    kg:be wd:Q4039279 ;
    kg:be wd:Q66439598 ;
    kg:be wd:Q6881511 ;
    kg:be wd:Q9309 ;
    kg:beOn wd:Q15759989 ;
    kg:beOn wd:Q159334 ;
    kg:beOn wd:Q2350543 ;
    kg:beOn wd:Q42462 ;
    kg:beOn wd:Q577487 ;
    kg:beOn wd:Q727 ;
    kg:beOn wd:Q842108 ;
    kg:beWith wd:Q478088 ;
    kg:beWith wd:Q582207 ;
    kg:headquarter wd:Q21 ;
    kg:headquarterIn wd:Q84 .

wd:Q11813450 rdfs:label ""gas supplier""@en .
wd:Q128300083 a wd:Q13442814 ;
    rdfs:label ""Multinational oil companies in Nigeria and corporate social responsibility in the HIV/AIDS response in host communities""@en .
wd:Q15759989 a wd:Q5633421 ;
    rdfs:label ""Exchange""@en .
wd:Q159334 a wd:Q112872396 ;
    rdfs:label ""secondary school""@en .
wd:Q161726 rdfs:label ""multinational corporation""@en .
wd:Q174705 a wd:Q1231896 ;
    rdfs:label ""oil painting""@en .
wd:Q21 a wd:Q3336843 ;
    a wd:Q518261 ;
    a wd:Q6256 ;
    a wd:Q6266 ;
    rdfs:label ""England""@en .
wd:Q2350543 a wd:Q101352 ;
    a wd:Q1714800 ;
    a wd:Q333021 ;
    rdfs:label ""Stock""@en .
wd:Q33685 a wd:Q10541491 ;
    rdfs:label ""limited company""@en .
wd:Q3742494 a wd:Q10541491 ;
    a wd:Q67304002 ;
    rdfs:label ""akciová společnost""@en .
wd:Q4039279 a wd:Q16024164 ;
    a wd:Q5633421 ;
    rdfs:label ""Gastroenterology""@en .
wd:Q42462 a wd:Q1357964 ;
    a wd:Q1549591 ;
    a wd:Q515 ;
    a wd:Q7897276 ;
    rdfs:label ""York""@en .
wd:Q478088 a wd:Q82036085 ;
    rdfs:label ""listing""@en .
wd:Q577487 rdfs:label ""listings magazine""@en .
wd:Q582207 a wd:Q112193867 ;
    a wd:Q42303753 ;
    rdfs:label ""antiphospholipid syndrome""@en .
wd:Q66439598 a wd:Q66439731 ;
    a wd:Q66739753 ;
    rdfs:label ""partial open access""@en .
wd:Q6881511 a wd:Q17197366 ;
    a wd:Q3409269 ;
    rdfs:label ""enterprise""@en .
wd:Q727 a wd:Q108178728 ;
    a wd:Q13539802 ;
    a wd:Q1392581 ;
    a wd:Q1549591 ;
    a wd:Q1852859 ;
    a wd:Q2264924 ;
    a wd:Q515 ;
    a wd:Q51929311 ;
    rdfs:label ""Amsterdam""@en .
wd:Q84 a wd:Q1048835 ;
    a wd:Q1066984 ;
    a wd:Q108178728 ;
    a wd:Q174844 ;
    a wd:Q200250 ;
    a wd:Q208511 ;
    a wd:Q515 ;
    a wd:Q51929311 ;
    rdfs:label ""London""@en .
wd:Q842108 a wd:Q4830453 ;
    a wd:Q891723 ;
    rdfs:label ""Euronext""@en .
wd:Q9309 a wd:Q1288568 ;
    a wd:Q33742 ;
    rdfs:label ""Welsh""@en .
wd:Q101352 rdfs:label ""family name""@en .
wd:Q1048835 rdfs:label ""political territorial entity""@en .
wd:Q10541491 rdfs:label ""legal form""@en .
wd:Q1066984 rdfs:label ""financial center""@en .
wd:Q108178728 rdfs:label ""national capital""@en .
wd:Q112193867 rdfs:label ""type of disease""@en .
wd:Q112872396 rdfs:label ""type of educational institution""@en .
wd:Q1231896 rdfs:label ""painting technique""@en .
wd:Q1288568 rdfs:label ""modern language""@en .
wd:Q13442814 rdfs:label ""scholarly article""@en .
wd:Q13539802 rdfs:label ""place with town rights and privileges""@en .
wd:Q1357964 rdfs:label ""county town""@en .
wd:Q1392581 rdfs:label ""cycling city""@en .
wd:Q14941854 rdfs:label ""oil company""@en .
wd:Q1549591 rdfs:label ""big city""@en .
wd:Q16024164 rdfs:label ""medical journal""@en .
wd:Q1714800 rdfs:label ""locational surname""@en .
wd:Q17197366 rdfs:label ""type of organization""@en .
wd:Q174844 rdfs:label ""megacity""@en .
wd:Q1789476 rdfs:label ""bibliographic database""@en .
wd:Q1852859 rdfs:label ""cadastral populated place in the Netherlands""@en .
wd:Q1916557 rdfs:label ""medical database""@en .
wd:Q19541 rdfs:label ""search engine""@en .
wd:Q200250 rdfs:label ""metropolis""@en .
wd:Q206361 rdfs:label ""concern""@en .
wd:Q208511 rdfs:label ""global city""@en .
wd:Q2264924 rdfs:label ""port city""@en .
wd:Q333021 rdfs:label ""Übername""@en .
wd:Q3336843 rdfs:label ""constituent country of the United Kingdom""@en .
wd:Q33742 rdfs:label ""natural language""@en .
wd:Q3409269 rdfs:label ""statistical unit""@en .
wd:Q35127 rdfs:label ""website""@en .
wd:Q42303753 rdfs:label ""designated intractable/rare disease""@en .
wd:Q43229 rdfs:label ""organization""@en .
wd:Q4830453 rdfs:label ""business""@en .
wd:Q515 rdfs:label ""city""@en .
wd:Q518261 rdfs:label ""cultural area""@en .
wd:Q51929311 rdfs:label ""largest city""@en .
wd:Q5633421 rdfs:label ""scientific journal""@en .
wd:Q6256 rdfs:label ""country""@en .
wd:Q6266 rdfs:label ""nation""@en .
wd:Q66439731 rdfs:label ""access restriction""@en .
wd:Q66739753 rdfs:label ""access restriction status""@en .
wd:Q67304002 rdfs:label ""type of legal entity in the Czech Republic""@en .
wd:Q6881511 rdfs:label ""enterprise""@en .
wd:Q7897276 rdfs:label ""unparished area""@en .
wd:Q82036085 rdfs:label ""physical media format""@en .
wd:Q8513 rdfs:label ""database""@en .
wd:Q891723 rdfs:label ""public company""@en .
wd:Q213096 rdfs:label ""seashell""@en ;
    kg:be wd:Q1333024 ;
    kg:be wd:Q37557616 ;
    kg:be wd:Q61976836 ;
    kg:be wd:Q699612 ;
    kg:be wd:Q80967 ;
    kg:createBy wd:Q7239 ;
    kg:createBy wd:Q729 ;
    kg:know wd:Q6296982 ;
    kg:liveIn wd:Q11708 ;
    kg:make wd:Q107411 ;
    kg:make wd:Q5034898 ;
    kg:make wd:Q7546947 ;
    kg:makeBy wd:Q25326 ;
    kg:protect wd:Q6038037 ;
    kg:protect wd:Q7397 .

wd:Q107411 a wd:Q25403900 ;
    a wd:Q55983715 ;
    a wd:Q58051350 ;
    rdfs:label ""oyster""@en .
wd:Q11708 a wd:Q82794 ;
    rdfs:label ""Southeast Asia""@en .
wd:Q1333024 a wd:Q268592 ;
    a wd:Q3030569 ;
    rdfs:label ""personal protective equipment""@en .
wd:Q37557616 a wd:Q101352 ;
    rdfs:label ""Layer""@en .
wd:Q5034898 a wd:Q6542557 ;
    rdfs:label ""Cape Libraries Automated Materials Sharing""@en .
wd:Q6038037 a wd:Q482994 ;
    rdfs:label ""Insides""@en .
wd:Q61976836 rdfs:label ""outer shell""@en .
wd:Q6296982 a wd:Q4830453 ;
    a wd:Q783794 ;
    rdfs:label ""Simply""@en .
wd:Q699612 a wd:Q11183787 ;
    a wd:Q562061 ;
    a wd:Q667509 ;
    rdfs:label ""Hard""@en .
wd:Q7239 rdfs:label ""organism""@en .
wd:Q729 a wd:Q104086571 ;
    a wd:Q16521 ;
    a wd:Q55983715 ;
    rdfs:label ""animal""@en .
wd:Q7397 a wd:Q123588392 ;
    a wd:Q63981612 ;
    rdfs:label ""software""@en .
wd:Q7546947 a wd:Q7889 ;
    rdfs:label ""Snails""@en .
wd:Q80967 a wd:Q15060255 ;
    a wd:Q202435 ;
    a wd:Q33837 ;
    a wd:Q6083725 ;
    rdfs:label ""Outer Hebrides""@en .
wd:Q101352 rdfs:label ""family name""@en .
wd:Q104086571 rdfs:label ""first-order class""@en .
wd:Q11183787 rdfs:label ""Ortschaft""@en .
wd:Q123588392 rdfs:label ""type of tool""@en .
wd:Q15060255 rdfs:label ""council area""@en .
wd:Q16521 rdfs:label ""taxon""@en .
wd:Q202435 rdfs:label ""lieutenancy area of Scotland""@en .
wd:Q25403900 rdfs:label ""food ingredient""@en .
wd:Q268592 rdfs:label ""industry""@en .
wd:Q3030569 rdfs:label ""protective device""@en .
wd:Q33837 rdfs:label ""archipelago""@en .
wd:Q482994 rdfs:label ""album""@en .
wd:Q4830453 rdfs:label ""business""@en .
wd:Q55983715 rdfs:label ""organisms known by a particular common name""@en .
wd:Q562061 rdfs:label ""market municipality""@en .
wd:Q58051350 rdfs:label ""paraphyletic group""@en .
wd:Q6083725 rdfs:label ""Scottish islands area""@en .
wd:Q63981612 rdfs:label ""product category""@en .
wd:Q6542557 rdfs:label ""library consortium""@en .
wd:Q667509 rdfs:label ""municipality of Austria""@en .
wd:Q783794 rdfs:label ""company""@en .
wd:Q7889 rdfs:label ""video game""@en .
wd:Q82794 rdfs:label ""region""@en .
","[[""seashell"", ""be"", ""Hard""], [""seashell"", ""be"", ""Layer""], [""seashell"", ""be"", ""Outer Hebrides""], [""seashell"", ""be"", ""outer shell""], [""seashell"", ""be"", ""personal protective equipment""], [""seashell"", ""createBy"", ""animal""], [""seashell"", ""createBy"", ""organism""], [""seashell"", ""know"", ""Simply""], [""seashell"", ""liveIn"", ""Southeast Asia""], [""seashell"", ""make"", ""Cape Libraries Automated Materials Sharing""], [""seashell"", ""make"", ""oyster""], [""seashell"", ""make"", ""Snails""], [""seashell"", ""makeBy"", ""Q25326""], [""seashell"", ""protect"", ""Insides""], [""seashell"", ""protect"", ""software""], [""Shell"", ""be"", ""akciová společnost""], [""Shell"", ""be"", ""enterprise""], [""Shell"", ""be"", ""gas supplier""], [""Shell"", ""be"", ""Gastroenterology""], [""Shell"", ""be"", ""limited company""], [""Shell"", ""be"", ""multinational corporation""], [""Shell"", ""be"", ""Multinational oil companies in Nigeria and corporate social responsibility in the HIV/AIDS response in host communities""], [""Shell"", ""be"", ""oil painting""], [""Shell"", ""be"", ""partial open access""], [""Shell"", ""be"", ""Q180686""], [""Shell"", ""be"", ""Welsh""], [""Shell"", ""beOn"", ""Amsterdam""], [""Shell"", ""beOn"", ""Euronext""], [""Shell"", ""beOn"", ""Exchange""], [""Shell"", ""beOn"", ""listings magazine""], [""Shell"", ""beOn"", ""secondary school""], [""Shell"", ""beOn"", ""Stock""], [""Shell"", ""beOn"", ""York""], [""Shell"", ""beWith"", ""antiphospholipid syndrome""], [""Shell"", ""beWith"", ""listing""], [""Shell"", ""headquarter"", ""England""], [""Shell"", ""headquarterIn"", ""London""]]"
